path,group,width,height,nonopaque_percent,alpha_bbox,bytes,sha256,reference_evidence,owners
assets/fonts/m5x7.ttf,chrome,0,0,,,34300,47c3f0b01f0fd417b3a44c2888a71d3072f750e76f3e6e946a6a9b188d988cbf,literal reference,scripts/ui/pixel_ui.gd
assets/icons/items/acid_vial.png,items,128,128,82.4,"(40, 5, 88, 123)",15042,a8122ca3e62fcdf4a435bd36708ec19a7fceb9314d8a9a53d0ec61563b6a7873,literal reference,scripts/autoloads/DataManager.gd
assets/icons/items/aegis_foil.png,items,32,32,,,1300,57744525a3b8fbcb028219e97b3301a6311c79185a52d8c5e2ab387dc97c14be,unverified / source variant,
assets/icons/items/aegis_saturation.png,items,32,32,,,1269,9ad03b0a33c2dee115e576a6441fa24307181aa76db96810af3f42398a79ab1f,unverified / source variant,
assets/icons/items/aegisField.png,items,128,128,65.9,"(5, 22, 123, 106)",22814,12a745b539e5038bced4822e53180a5038caa859bde7acba2a07aab05f37e7c7,literal reference,scripts/autoloads/DataManager.gd
assets/icons/items/anchor_frame.png,items,128,128,96.4,"(29, 5, 100, 123)",12627,d5b033cccfde8797efceba3928018cd1c19c80f4230b0587e822a190d308e25b,literal reference,scripts/autoloads/DataManager.gd
assets/icons/items/arc_capacitor.png,items,32,32,,,1310,1b36ec94551d73d615f08b4e38a93d5646d9e6554daa7042ce633a9a59e43944,unverified / source variant,
assets/icons/items/archive_cascade.png,items,128,128,88.7,"(7, 18, 123, 108)",14607,15d221bfd136e98962897d30a96be125c9230432c94adfc1ddaa12d500385ed3,literal reference,scripts/autoloads/DataManager.gd
assets/icons/items/band_compressor.png,items,128,128,79.0,"(9, 5, 119, 123)",28680,1056465b70aae8d95f74ad837b91126f7e3ffc075c957962a5d117500aa39f8c,literal reference,scripts/autoloads/DataManager.gd
assets/icons/items/biofoam.png,items,32,32,,,1382,d969cc587ab21e32c151ef247de7d1d549214486078cb58d47c2134786cbac23,unverified / source variant,
assets/icons/items/bounty_chip.png,items,128,128,82.8,"(5, 17, 123, 110)",21544,eadc34ba60248cd2ba9769b578e536a80b11b1240682f89c1d20a0e201fbc86e,literal reference,scripts/autoloads/DataManager.gd
assets/icons/items/breach_tip.png,items,128,128,86.0,"(5, 15, 123, 113)",22511,105237a2e980c1ef44479e9cf0eac34e5542bfe9ea10d3d8d0e55cf6000a65f7,literal reference,scripts/autoloads/DataManager.gd
assets/icons/items/buckler_array.png,items,128,128,83.2,"(5, 11, 123, 118)",15379,5247df6e3632da60865a9b34d1bd0a471cc148e98179245754ccbae4d3df5d1c,literal reference,scripts/autoloads/DataManager.gd
assets/icons/items/bulwarkAura.png,items,128,128,91.4,"(34, 5, 94, 121)",14340,b30934982f2f636c676c2f0b4e04032ff292982525061ff3b0f20316909ded25,literal reference,scripts/autoloads/DataManager.gd
assets/icons/items/calibration_chip.png,items,128,128,78.8,"(5, 15, 123, 112)",22734,07bb31fde2e99b4edb823d4732d15bee6a155014db1485daf587d034f872d851,literal reference,scripts/autoloads/DataManager.gd
assets/icons/items/capacitor_dose.png,items,128,128,97.2,"(29, 5, 99, 123)",6663,ff8dbf61a9a68b46f25b0774fe6c7619d16396d7a142e8e816bcb8071bc76b9d,literal reference,scripts/autoloads/DataManager.gd
assets/icons/items/cascade_jammer.png,items,128,128,79.7,"(7, 5, 121, 123)",31664,aa59efc0756adec2ac6e18c807a4432eb622b0b28803d5fcdaee7a41610c13ea,literal reference,scripts/autoloads/DataManager.gd
assets/icons/items/chainDoctrine.png,items,128,128,97.4,"(39, 5, 89, 123)",9520,ccc48775bb3f0a076d6b5763e6eac44b08a7f4d4300ec16484a73301e477cb49,literal reference,scripts/autoloads/DataManager.gd
assets/icons/items/chainReaction.png,items,128,128,88.5,"(5, 14, 123, 114)",25413,bb0dc545c12714c5809989da170cce09f2990b635b497eaa4d634f7b10f2f3c3,literal reference,scripts/autoloads/DataManager.gd
assets/icons/items/chitinGraft.png,items,128,128,42.6,"(0, 2, 128, 126)",27962,5f2948631d58fa153ac82dcb6f4878abd6a905c27cc0ded69aa459b17faf3923,literal reference,scripts/autoloads/DataManager.gd
assets/icons/items/citadel_kernel.png,items,32,32,,,1261,f3cca137b20fb360db214592ea0c4d2865466d6a0913abf733092a4ab2b6e086,unverified / source variant,
assets/icons/items/coldLogic.png,items,128,128,89.8,"(37, 5, 91, 123)",16277,503c56f4dc5f455bd056c707215afebfc1dc94aa1e9fcd326abd846af625d581,literal reference,scripts/autoloads/DataManager.gd
assets/icons/items/combat_plating.png,items,128,128,56.4,"(10, 5, 118, 123)",27604,1bdd30fde2b929d680c4a5cec37f5266784dcc69cef483ba8a075e4446102e79,literal reference,scripts/autoloads/DataManager.gd
assets/icons/items/coordinatedStrike.png,items,128,128,78.5,"(18, 5, 109, 123)",22185,ce67337514f5b9b6ef7bbdaa8982073df783996379d61a2839626f979b790d28,literal reference,scripts/autoloads/DataManager.gd
assets/icons/items/core_surge.png,items,128,128,94.7,"(29, 5, 100, 123)",12750,e1acd80c6e243b7e7d0ac786529bf49dde690e18ea299b94d92c1034baf44404,literal reference,scripts/autoloads/DataManager.gd
assets/icons/items/corrosion_bomb.png,items,128,128,82.0,"(23, 5, 105, 123)",20751,d7e0171c44075c955dfcf856aff652504e75fd8a200ba2f02c83d1782168ce7c,literal reference,scripts/autoloads/DataManager.gd
assets/icons/items/counterweight.png,items,128,128,69.2,"(5, 11, 123, 117)",25348,d1c5e7c11d691d0ef8566524bc51dca5330e94aa2c2cebe935949fa27a4d61aa,literal reference,scripts/autoloads/DataManager.gd
assets/icons/items/cryo_gel.png,items,128,128,77.3,"(18, 5, 110, 123)",18368,17a6a5271c27b54b0451d63ef94c600ca0c09a0f96f352e52176880d8b414d66,literal reference,scripts/autoloads/DataManager.gd
assets/icons/items/cryo_web.png,items,128,128,60.2,"(7, 5, 121, 123)",24649,785bb4d28a6ca8a2d61dd5de960fc7d6614009a784e24bdea36e346165d95452,literal reference,scripts/autoloads/DataManager.gd
assets/icons/items/curatedCache.png,items,128,128,92.1,"(5, 23, 123, 105)",20216,0bec65db13829f097e4d7d06d667fa369701de9b275fe7b2339614e507b0eb41,literal reference,scripts/autoloads/DataManager.gd
assets/icons/items/dead_mans_chip.png,items,128,128,88.8,"(5, 14, 123, 114)",18649,11e274fe8b082d8d7eed1c56665cac5d889be38c0c3fb3b451d3b08bc8bd6219,literal reference,scripts/autoloads/DataManager.gd
assets/icons/items/deadMansHand.png,items,128,128,86.5,"(21, 5, 107, 123)",21732,0246bb177b59e8ff5c6720e12a4d5c0428459c5a19eaa1e0f5936f07e4b5b6d3,literal reference,scripts/autoloads/DataManager.gd
assets/icons/items/deep_zero_pin.png,items,128,128,94.9,"(29, 5, 98, 123)",8319,fd8cbeefe9ecb653b92d35ed2aab7c28e9e42addce2407ac13c04ad0253b8682,literal reference,scripts/autoloads/DataManager.gd
assets/icons/items/defib_spark.png,items,128,128,87.7,"(5, 21, 123, 107)",15559,1915e77c6e5b1646bc1c313d6328e0d37791e2921b12b93ff74bab6109d128c5,literal reference,scripts/autoloads/DataManager.gd
assets/icons/items/double_tap_chip.png,items,32,32,,,1192,6a12adfeedd5d0ff84cf47821ecd1234bbf2160ba076c9c898c91ba61d33a8dd,unverified / source variant,
assets/icons/items/echo_matrix.png,items,128,128,65.7,"(5, 11, 123, 117)",28044,40a78bb4fa938af363276dcb4137ef8fc28fdcd57bd1bfaf524c0e3417242aee,literal reference,scripts/autoloads/DataManager.gd
assets/icons/items/emergencySignal.png,items,128,128,79.8,"(5, 9, 123, 117)",25808,1d806286660e6a596fd8b1c4c2872190949711ebf03bbfdf0a3b8cc65c00e96f,literal reference,scripts/autoloads/DataManager.gd
assets/icons/items/entropy_seed.png,items,128,128,80.5,"(5, 5, 123, 122)",28868,0ca0af2906667856a9758bd9866385ff72be202642265eb8789d18c544daf0ce,literal reference,scripts/autoloads/DataManager.gd
assets/icons/items/entropyLeak.png,items,128,128,85.8,"(24, 5, 104, 123)",24362,6fac2434988bcf40da35c14af272e6acac45382cc9ecd55bfe79d0769068b498,literal reference,scripts/autoloads/DataManager.gd
assets/icons/items/exile_blade_core.png,items,32,32,,,1329,f5c594526273ef5c3e3279965c92d9eb8b9de94e1863a6bb309825973a658d21,unverified / source variant,
assets/icons/items/field_manual.png,items,32,32,,,1218,0efee998b823bb810dad92f8f043bbe52de3fd304a8e977fc5002eb750a6f281,unverified / source variant,
assets/icons/items/field_meds.png,items,32,32,,,1348,668cedb7d2748f195634b77ce26246f3ba6012dd8706142b299e8b70f8300e25,unverified / source variant,
assets/icons/items/fieldCache.png,items,128,128,81.9,"(5, 12, 123, 116)",28266,15363c7e888b580d2fe759bcc0c0d9d1d8b90771f1300b2e736a71214d9ef3fb,literal reference,scripts/autoloads/DataManager.gd
assets/icons/items/full_restore.png,items,32,32,,,1282,b780c6f05350f191e944c0029b767d60f083b8b6b49ae8b21b07353e8e07e5bd,unverified / source variant,
assets/icons/items/ghost_veil.png,items,128,128,64.9,"(5, 12, 123, 116)",23996,1ec2104d8a8631985435d2159498650e47a5b2252eaa17a3e67d38f71f3c69d5,literal reference,scripts/autoloads/DataManager.gd
assets/icons/items/gravityWell.png,items,32,32,,,1250,656d0a23be6d092cd21669c60a08c079f3b5d200f74c113ea6130b9ced3fbb2d,literal reference,scripts/autoloads/DataManager.gd
assets/icons/items/grounding_clip.png,items,128,128,87.1,"(5, 15, 123, 113)",18630,f5120b985f6e99d88729b9397cc919f1f8909c39f43e6089acf87ec1195c0086,literal reference,scripts/autoloads/DataManager.gd
assets/icons/items/gyro_motor.png,items,32,32,,,1354,54527da965b5118a231469b931b78483b63069bb2c9096ee78521c8e642b9cef,unverified / source variant,
assets/icons/items/harmonic_injector.png,items,128,128,91.5,"(5, 13, 123, 115)",15214,ed8e42973fe1038adf49341e0c65e7c44c41845c7ee5ec3dc4b1e7aa15e92f21,literal reference,scripts/autoloads/DataManager.gd
assets/icons/items/hemophage_nexus.png,items,128,128,90.9,"(5, 20, 123, 108)",20467,e9154e4ba147f9137d3af1970c9fd94192348bc7db7b175329d0ae9553d655ab,literal reference,scripts/autoloads/DataManager.gd
assets/icons/items/ignition_coil.png,items,128,128,91.3,"(31, 5, 98, 123)",13393,f66193dbcc9452e9898270f60a967391a2cbf5d1fc755fb94eb3e480bde90b96,literal reference,scripts/autoloads/DataManager.gd
assets/icons/items/ironCurtain.png,items,128,128,90.4,"(32, 5, 97, 123)",16744,0e01e80d535e19e69d6aaff3e64889e8a428716220a4082e4eaaa5896bb11bc3,literal reference,scripts/autoloads/DataManager.gd
assets/icons/items/kill_switch.png,items,128,128,95.4,"(27, 5, 101, 123)",10530,1d54d8265554cb2cd203e0a7b23ed60aba9cdc45d4b2cc7630e7fb94c5b30e70,literal reference,scripts/autoloads/DataManager.gd
assets/icons/items/killswitch_relay.png,items,128,128,94.7,"(28, 7, 100, 123)",13171,b341d8301d159ca56b1c66b414fc96903ae0bb97e9267ae9012c8246bbe657d4,literal reference,scripts/autoloads/DataManager.gd
assets/icons/items/mainline_bus.png,items,128,128,85.7,"(24, 7, 104, 123)",15007,13da1f86a0ccf6c1f55efeb1cae4d22507004886a45800123ec2bdcb62e53ad4,literal reference,scripts/autoloads/DataManager.gd
assets/icons/items/mainline_cache.png,items,128,128,88.8,"(30, 5, 100, 123)",15599,9d8ceed6b88acc67cb118f46a742df45b13c54c867fc19a2ca8ba6283a90e995,literal reference,scripts/autoloads/DataManager.gd
assets/icons/items/mantleCore.png,items,128,128,27.0,"(4, 0, 124, 128)",31633,a8563f5e2c13b0a1a3a9c1aa8264a206f2104a7c52538ff419b8c73715a38986,literal reference,scripts/autoloads/DataManager.gd
assets/icons/items/martyrdomProtocol.png,items,128,128,83.7,"(5, 9, 123, 118)",30571,e3b6d8754ae6d3aa23e0581a4e908e1aa2988f60c9256fcf82e78c5c28935dec,literal reference,scripts/autoloads/DataManager.gd
assets/icons/items/mercyProtocol.png,items,128,128,63.8,"(9, 5, 119, 123)",32687,6e06c3cb765ea15eed88222de611496dd91d6b749d1282c13eb055d15dd8d8df,literal reference,scripts/autoloads/DataManager.gd
assets/icons/items/mirror_plate.png,items,128,128,78.7,"(29, 5, 100, 123)",15259,bba63a34ec251b63f89942d47e02eedee073b8da389ded90d7141e87472b2900,literal reference,scripts/autoloads/DataManager.gd
assets/icons/items/mnemonic_core.png,items,32,32,,,1238,c9902b0c1838392d7ddb15a449155c840cfab9e38244c4a2c06761d96937d34b,unverified / source variant,
assets/icons/items/momentum_core.png,items,128,128,82.7,"(5, 9, 123, 119)",22384,eb827ff67c1738d012a6df63751bab2b7c93df151e3d7d532e4e0ce601727ae9,literal reference,scripts/autoloads/DataManager.gd
assets/icons/items/nanite_burn.png,items,32,32,,,1300,3638bfb025fc1c160ad86228d262685dae516404a5fe3afec71d1f7194ebfa0a,unverified / source variant,
assets/icons/items/nanite_salve.png,items,32,32,,,1176,baa186a903d243a7463376248a2f6a0ce4ab5fa834d946377d8d7d7fc6257de8,unverified / source variant,
assets/icons/items/naniteField.png,items,128,128,94.1,"(32, 5, 96, 123)",14201,49bb6ecd061b77a7fe414e870e94b0d82a28c101c73900fd1a2ed554fa8909e4,literal reference,scripts/autoloads/DataManager.gd
assets/icons/items/neural_splice.png,items,128,128,76.6,"(9, 5, 118, 123)",18156,1234b74d216d79b965fd290f8c9a4ced4143cb1c3ffce4c9a987fcfd92bce5d5,literal reference,scripts/autoloads/DataManager.gd
assets/icons/items/null_vector.png,items,32,32,,,1190,ed52b161252044afa7d36c8594848e21986aed034c1b9ed8f599a71d88b2b135,unverified / source variant,
assets/icons/items/openingGambit.png,items,128,128,91.3,"(31, 5, 97, 121)",12602,f546303065a1d9733798b4b640255752edb23d18287e8c06f66f7c048766e2e0,literal reference,scripts/autoloads/DataManager.gd
assets/icons/items/oracle_lens.png,items,32,32,,,1282,8c7a863b314ecad8cdb24322eec1a432d555afe6514c37c5233ffcff652752fa,unverified / source variant,
assets/icons/items/overcharge.png,items,128,128,91.8,"(32, 5, 95, 121)",13161,911014d366d24281c37b869fbffcc8d9e5324ee1ddac18e0a47bdf08d8f00e0e,literal reference,scripts/autoloads/DataManager.gd
assets/icons/items/overflowBuffer.png,items,128,128,70.9,"(10, 5, 120, 123)",29430,e5879552bd530fb15df2bc10a910f9fb9a2bcc1686f0678a523e1a9e29190b6e,literal reference,scripts/autoloads/DataManager.gd
assets/icons/items/overflowVent.png,items,128,128,96.4,"(41, 5, 87, 123)",9877,bef351ed854d88d1b2ebb2839e88c490e6ffddf14f68c2fab0331d5333c3ef9c,literal reference,scripts/autoloads/DataManager.gd
assets/icons/items/overkill_matrix.png,items,128,128,77.5,"(5, 12, 123, 117)",26581,89358c1a42e1b0f60b2398d7a5102d1bc9af0181dd2bd0c5d99364eb909aefbb,literal reference,scripts/autoloads/DataManager.gd
assets/icons/items/overload_capacitor.png,items,128,128,90.5,"(28, 5, 99, 123)",15790,f6054b5dcc5dd6ccdf6919a93d36e27e749d96eb906b5b6f39e45efc328acf22,literal reference,scripts/autoloads/DataManager.gd
assets/icons/items/overloadLoop.png,items,128,128,85.0,"(5, 28, 123, 100)",18823,605710520b84307f2f802ff3b75ed2e87875e60f023209530738fdfd34fce289,literal reference,scripts/autoloads/DataManager.gd
assets/icons/items/patch_kit.png,items,128,128,85.9,"(5, 22, 123, 106)",19403,c45f10e9446e1bc5a56d65b460912246bd9648106a6839722d06cb3c987ca77b,literal reference,scripts/autoloads/DataManager.gd
assets/icons/items/payload_fuse.png,items,128,128,91.6,"(30, 5, 98, 123)",12609,b515ffa0011422efc73914bd5252f627b135cb6af06b4ba12977a8a0b468b48d,literal reference,scripts/autoloads/DataManager.gd
assets/icons/items/phase_scrambler.png,items,128,128,83.9,"(7, 5, 121, 123)",17441,cfdbcc5c3a2104bdba7bdd23f2406120074407d1c61222d66e82555ff5384b58,literal reference,scripts/autoloads/DataManager.gd
assets/icons/items/phase_weave.png,items,128,128,72.7,"(17, 5, 111, 123)",22445,92911364a8ce71315dff35457e9f5148523a5a9c6efad9066d0d02fb3b697843,literal reference,scripts/autoloads/DataManager.gd
assets/icons/items/plagueProtocol.png,items,128,128,96.4,"(33, 5, 94, 123)",14692,61a263f83dd9f18544216ed497ee6e160913b911ca6a0d26795758e4d965cfe4,literal reference,scripts/autoloads/DataManager.gd
assets/icons/items/predator_lens.png,items,128,128,79.5,"(10, 5, 119, 123)",17246,e174b83812df0beaaa87b1fba7152f6f442483348e71f6091e4127acd689c1e9,literal reference,scripts/autoloads/DataManager.gd
assets/icons/items/priming_charge.png,items,128,128,94.1,"(30, 5, 98, 123)",14901,c9d8349b92af100eb3a9c85d362c795d833dead12f96ba4b96f7484ba3f312d5,literal reference,scripts/autoloads/DataManager.gd
assets/icons/items/protocol_cell.png,items,128,128,91.8,"(29, 5, 99, 123)",8716,31f0c916d38c5798c66d458b876a514dfa52a6c86e056eac7b7ed6ba8b123281,literal reference,scripts/autoloads/DataManager.gd
assets/icons/items/protocol_tap.png,items,128,128,85.4,"(9, 5, 119, 123)",16843,0be2580233fd918e14aeb83c7217feadf7da7488203aa349622e1e739e27f1c7,literal reference,scripts/autoloads/DataManager.gd
assets/icons/items/protocolOverride.png,items,128,128,96.3,"(30, 5, 98, 123)",10323,6e58e989ced5a0d2ffbe1d12f1acf950a60e520a4cb9c5b5cab5a9cfe33f121e,literal reference,scripts/autoloads/DataManager.gd
assets/icons/items/reactive_weave.png,items,32,32,,,1275,3afefb2a19ec4c1b5ba12d21cd4089ec092083acd53c4a8dfe05493e523da452,unverified / source variant,
assets/icons/items/resonanceCascade.png,items,128,128,95.5,"(31, 5, 97, 123)",12953,6ba8b3256696d0bf84e6c8049c9f3e49e0eeb2770ac1726959ddea7b3d86f93b,literal reference,scripts/autoloads/DataManager.gd
assets/icons/items/resonantChorus.png,items,128,128,44.7,"(4, 0, 124, 128)",27496,7efd92b0140bee6ee7616de919ffdc2a61c1a98c7191f5e2a4ad50cacbc19c44,literal reference,scripts/autoloads/DataManager.gd
assets/icons/items/reverse_gimbal.png,items,128,128,84.7,"(5, 8, 123, 120)",26400,cee49edb13aae5a9beedb375552660e529c80abf8490ff89986b01d0164aa8f8,literal reference,scripts/autoloads/DataManager.gd
assets/icons/items/rootAccess.png,items,128,128,55.9,"(9, 0, 119, 128)",24682,48b1955fd68265d3091c48a87c67261cf144c793122e6c7bf45c53063a4ec308,literal reference,scripts/autoloads/DataManager.gd
assets/icons/items/rust_patch.png,items,32,32,,,1372,e7af5c3fa29c1cf80caed242b2cb422e2cd5e98ebc86a3c3b4bb57ba1de38f28,unverified / source variant,
assets/icons/items/salvageDirective.png,items,128,128,95.1,"(40, 5, 87, 123)",8164,d74e9ddfa951766e0d6de99f83f762ff931c1433c274f31e134c3a50d55ee1ee,literal reference,scripts/autoloads/DataManager.gd
assets/icons/items/salvageRig.png,items,128,128,76.3,"(20, 0, 107, 128)",16190,ffb74d0c824a2077e6607961c5316a6e8fab8428fce248f5b62dacb3ebd0714f,literal reference,scripts/autoloads/DataManager.gd
assets/icons/items/scatter_veil_array.png,items,128,128,76.1,"(5, 6, 123, 122)",26682,c5f0fd0df2d638833c4440a633f8b3b5a5feb87079ffc01673405fd2bcd7cdc7,literal reference,scripts/autoloads/DataManager.gd
assets/icons/items/scavenger_rig.png,items,32,32,,,1253,23cb7cd86ebedd07e140c1f97b150c55076e953cdeaf426add5132760a1bbba3,unverified / source variant,
assets/icons/items/scavengerManifest.png,items,128,128,94.5,"(37, 5, 91, 123)",10293,c80849af533c29eff562590d726fa4855c9dbc80e123fff9db6947338c8533aa,literal reference,scripts/autoloads/DataManager.gd
assets/icons/items/scrap_plate.png,items,128,128,80.6,"(5, 15, 123, 113)",17289,57866f5a0f354e0e54dd2d45918d447e15abbaef83e9d6e44af6d64228934e59,literal reference,scripts/autoloads/DataManager.gd
assets/icons/items/shock_charge.png,items,128,128,83.3,"(5, 5, 122, 123)",30242,61e2c566947cd4610d538dafc777af3a230c8f87a527590ec40d01ed654c2dd1,literal reference,scripts/autoloads/DataManager.gd
assets/icons/items/signal_jammer_mk2.png,items,32,32,,,1273,33a778d9ac60d952c32d4eca96ac41c920616afbdc1c09ae37d5445efaced1ed,unverified / source variant,
assets/icons/items/signalJam.png,items,128,128,98.0,"(33, 5, 95, 123)",11720,553b84b163a87943365a08557d52eee51a08b8cfa9afbd66cce0571ed33f69d6,literal reference,scripts/autoloads/DataManager.gd
assets/icons/items/siphon_loop.png,items,128,128,85.2,"(5, 12, 123, 116)",22618,0f343431e4b891ee333f1b1373a24682e27fe8a000224a1a4bcca60433acfab9,literal reference,scripts/autoloads/DataManager.gd
assets/icons/items/spike_driver.png,items,128,128,94.1,"(5, 28, 123, 100)",14027,5d4e8cc2191358a0e6ac3554ecf4904be869f356c46296353a3d4ad22132432a,literal reference,scripts/autoloads/DataManager.gd
assets/icons/items/standingOrder.png,items,128,128,91.6,"(32, 5, 96, 123)",11550,15ed706069493f4b23ea5be7fd1d17a06980dbc260b20ea776c67f8ebf942659,literal reference,scripts/autoloads/DataManager.gd
assets/icons/items/staticField.png,items,128,128,93.3,"(31, 7, 97, 123)",9868,5372fe874017f3c9c3a7678e0e803dc9d5057545a0e54c06918c183fc3b2c2f9,literal reference,scripts/autoloads/DataManager.gd
assets/icons/items/stim_injector.png,items,128,128,78.3,"(5, 9, 123, 119)",20441,93636928110c76d377ba11ed4acbbf75ce54421537188b0da1189ed7de65a949,literal reference,scripts/autoloads/DataManager.gd
assets/icons/items/sync_antenna.png,items,128,128,86.1,"(20, 5, 108, 123)",23044,28f33bd388ebf66dbdc7200e95231b95d67d9ecb44f3c4000f0be672f78f34a8,literal reference,scripts/autoloads/DataManager.gd
assets/icons/items/targeting_optic.png,items,128,128,91.7,"(29, 5, 99, 123)",12777,25c562ecf0bd5bc425f7e6567603279afd954fcb7866211b4acaefad83775a5a,literal reference,scripts/autoloads/DataManager.gd
assets/icons/items/terminal_spike.png,items,32,32,,,1290,459b7b7e4e62ed60b658709ec68bd1336f2b62771da95abb8cb4581a7ddf35ef,unverified / source variant,
assets/icons/items/thermite_canister.png,items,32,32,,,1187,d029005bd191c15fe99fca80e1caf158c3ad16cf289bfe2861a1c77ff967ed60,unverified / source variant,
assets/icons/items/training_datachip.png,items,32,32,,,1197,85738ec904b4c2540af66228001511252cd0144d21bbbb2746b5db457acc88bf,unverified / source variant,
assets/icons/items/triage_broadcast.png,items,128,128,92.0,"(5, 11, 123, 117)",15938,2242dc789167f2fdee4856536cd34d947977f17e9d9f9c0bdf07987b194f124b,literal reference,scripts/autoloads/DataManager.gd
assets/icons/items/triage_gel.png,items,128,128,89.8,"(28, 7, 100, 123)",11745,535d6f29c34bcde00976301f36f86ef5f5a5b5b517400cc5bcccff3a54f7ab10,literal reference,scripts/autoloads/DataManager.gd
assets/icons/items/twinFates.png,items,128,128,97.6,"(31, 5, 97, 123)",7224,02934c06f9b3fef622c1a6bbf0f18342801728f8c69bc6a7fb5ab4d4d80e642a,literal reference,scripts/autoloads/DataManager.gd
assets/icons/items/void_shard.png,items,32,32,,,1211,e95783a24e42b9f1b2df01751347c0a99a90806dc77b43ddecff0b9d2325b995,unverified / source variant,
assets/icons/items/warframe_core.png,items,128,128,78.8,"(13, 5, 115, 123)",26929,6b2acc3d709cfd442dd23ee60355aec6928c5e13743e48420be39490c613c80b,literal reference,scripts/autoloads/DataManager.gd
assets/icons/items/wide_aperture.png,items,128,128,66.7,"(5, 7, 123, 121)",27012,a7ca588b7032788d247f679c5f21305c4bf3cce6acfe79aa057ccca2e9cb3c7f,literal reference,scripts/autoloads/DataManager.gd
assets/icons/new icons/Free-Clothing-32x32-Pixel-Icons/1 Icons/Icon30_01.png,source-pack,32,32,,,1195,53b0c51977b41f7adc66f960c32c38698054b0e21b2e911d33ec0e117b50ab82,unverified / source variant,
assets/icons/new icons/Free-Clothing-32x32-Pixel-Icons/1 Icons/Icon30_02.png,source-pack,32,32,,,1283,8d665cc018472a7b5f214bbf782aa82d3e75a97556ae49e1b79efe60f6ab6af1,unverified / source variant,
assets/icons/new icons/Free-Clothing-32x32-Pixel-Icons/1 Icons/Icon30_03.png,source-pack,32,32,,,1248,0e411fa1fa5272bef27c9067ee0cca80d3b10acb1dfaf07381d977520d9c5e8a,unverified / source variant,
assets/icons/new icons/Free-Clothing-32x32-Pixel-Icons/1 Icons/Icon30_04.png,source-pack,32,32,,,1262,9b322606480f838a5bd0acc4c80683da4aabd50e8d367f6c22891a1ebd1afdb4,unverified / source variant,
assets/icons/new icons/Free-Clothing-32x32-Pixel-Icons/1 Icons/Icon30_05.png,source-pack,32,32,,,1227,4b96f3dfd6a56f6725d695aaddfd761163b9d3e0d6d2ce5a9d39ea1d234db696,unverified / source variant,
assets/icons/new icons/Free-Clothing-32x32-Pixel-Icons/1 Icons/Icon30_06.png,source-pack,32,32,,,1261,9ae126403f0e7c3e225c082e4c80a0c772e868de316b1d8b9365d3cc3d1b574b,unverified / source variant,
assets/icons/new icons/Free-Clothing-32x32-Pixel-Icons/1 Icons/Icon30_07.png,source-pack,32,32,,,1183,3054b151e40af11d1547cf738554b23281dba4ec39943dfe19531bcae533320c,unverified / source variant,
assets/icons/new icons/Free-Clothing-32x32-Pixel-Icons/1 Icons/Icon30_08.png,source-pack,32,32,,,1307,fc0bd3bd137d98539669419c071f245b071220c4b66da084fd2953315156ad80,unverified / source variant,
assets/icons/new icons/Free-Clothing-32x32-Pixel-Icons/1 Icons/Icon30_09.png,source-pack,32,32,,,1214,e79dcb6a7e2ccb9077feadc976d06a5c2654037fabac047d00df56fc84addc92,unverified / source variant,
assets/icons/new icons/Free-Clothing-32x32-Pixel-Icons/1 Icons/Icon30_10.png,source-pack,32,32,,,1301,29b1fe54e81f229b009a733394d7451cda421c96df71b2305ddecbef6c3f56c6,unverified / source variant,
assets/icons/new icons/Free-Clothing-32x32-Pixel-Icons/1 Icons/Icon30_11.png,source-pack,32,32,,,1416,815aaf24d0b98110a8b349977b4510b77c48e0a3dfc6a1f7c8966edf37dc0a75,unverified / source variant,
assets/icons/new icons/Free-Clothing-32x32-Pixel-Icons/1 Icons/Icon30_12.png,source-pack,32,32,,,1243,fc17bcfa415d23ef259d0a33b5ddb03911eace081a083f53d36e883f1446d6e8,unverified / source variant,
assets/icons/new icons/Free-Clothing-32x32-Pixel-Icons/1 Icons/Icon30_13.png,source-pack,32,32,,,1337,9cd1a46f47e3e071e18a9d3d1248b8214cd31e0c829afc97ae9ad7b154665b6b,unverified / source variant,
assets/icons/new icons/Free-Clothing-32x32-Pixel-Icons/1 Icons/Icon30_14.png,source-pack,32,32,,,1300,57744525a3b8fbcb028219e97b3301a6311c79185a52d8c5e2ab387dc97c14be,unverified / source variant,
assets/icons/new icons/Free-Clothing-32x32-Pixel-Icons/1 Icons/Icon30_15.png,source-pack,32,32,,,1353,666a16b5290d9a318de59b72b0ebf984c55e2501bb11bb827af68ceb58f9ddb9,unverified / source variant,
assets/icons/new icons/Free-Clothing-32x32-Pixel-Icons/1 Icons/Icon30_16.png,source-pack,32,32,,,1283,992502f56c37eef83d22bd721a3f5b12be0f2664b725a461841eb724090310c7,unverified / source variant,
assets/icons/new icons/Free-Clothing-32x32-Pixel-Icons/1 Icons/Icon30_17.png,source-pack,32,32,,,1352,31d4217ae498be9e141ea0970f546abefd838b1c5206d4e4f19f31c4497bf8d5,unverified / source variant,
assets/icons/new icons/Free-Clothing-32x32-Pixel-Icons/1 Icons/Icon30_18.png,source-pack,32,32,,,1252,d77674c62b4f09f57db2065baef5e5a61a8e5ddfb1566a85d2eabad5f0cf91ee,unverified / source variant,
assets/icons/new icons/Free-Clothing-32x32-Pixel-Icons/1 Icons/Icon30_19.png,source-pack,32,32,,,1350,7a58e80add52382efb8976c195e50189965d7f42c396e39f1271bccab4084060,unverified / source variant,
assets/icons/new icons/Free-Clothing-32x32-Pixel-Icons/1 Icons/Icon30_20.png,source-pack,32,32,,,1275,3afefb2a19ec4c1b5ba12d21cd4089ec092083acd53c4a8dfe05493e523da452,unverified / source variant,
assets/icons/new icons/Free-Clothing-32x32-Pixel-Icons/1 Icons/Icon30_21.png,source-pack,32,32,,,1221,5a42d2fa904ebbb6fdb9f2d55c78f09b8ac80096dc51e04cf08192c8ee28e90a,unverified / source variant,
assets/icons/new icons/Free-Clothing-32x32-Pixel-Icons/1 Icons/Icon30_22.png,source-pack,32,32,,,1265,8791f2f957dadf32a9bc3f4d2d0a88b9f2d2158ec1c7d6d90b7dccf3a2c098ed,unverified / source variant,
assets/icons/new icons/Free-Clothing-32x32-Pixel-Icons/1 Icons/Icon30_23.png,source-pack,32,32,,,1240,2d34c872ae6b93c43e135270e145e0b5e82c8c43a555e8d76c562d822439663f,unverified / source variant,
assets/icons/new icons/Free-Clothing-32x32-Pixel-Icons/1 Icons/Icon30_24.png,source-pack,32,32,,,1290,c4f247e45f48387bca6c80d1e45e2e44269bec869662af3cc42e24264519d71c,unverified / source variant,
assets/icons/new icons/Free-Clothing-32x32-Pixel-Icons/1 Icons/Icon30_25.png,source-pack,32,32,,,1227,b624fed72906f17f379a6cafd4ee8220ee041a998ee53fcc975f05bd9863e0ee,unverified / source variant,
assets/icons/new icons/Free-Clothing-32x32-Pixel-Icons/1 Icons/Icon30_26.png,source-pack,32,32,,,1291,8414accc8d9a39bb4514aaa626ca8c8649fd126ae9d03a3b5b7fa49e0f339724,unverified / source variant,
assets/icons/new icons/Free-Clothing-32x32-Pixel-Icons/1 Icons/Icon30_27.png,source-pack,32,32,,,1215,39bcecb689ffc6cdf17a9a9d0b56a91032f4bb6c6f1484709fafccbf872dec14,unverified / source variant,
assets/icons/new icons/Free-Clothing-32x32-Pixel-Icons/1 Icons/Icon30_28.png,source-pack,32,32,,,1295,c47728f1b2316dd532eb303797e042d930d11a879490d44742732626d1cf00b6,unverified / source variant,
assets/icons/new icons/Free-Clothing-32x32-Pixel-Icons/1 Icons/Icon30_29.png,source-pack,32,32,,,1203,7eb3742edbdfbf9734bdab52d13b0608ea95b744818a63ade37292370855c805,unverified / source variant,
assets/icons/new icons/Free-Clothing-32x32-Pixel-Icons/1 Icons/Icon30_30.png,source-pack,32,32,,,1274,7985a92486bca52150ba626bdd061c4f86ff1c2410c684ab29495a95f43a81ea,unverified / source variant,
assets/icons/new icons/Free-Clothing-32x32-Pixel-Icons/1 Icons/Icon30_31.png,source-pack,32,32,,,1345,3151c37b87a9173e3d8a03704aad46a2d21d9b026801aa1f31d725184aea4929,unverified / source variant,
assets/icons/new icons/Free-Clothing-32x32-Pixel-Icons/1 Icons/Icon30_32.png,source-pack,32,32,,,1249,4880303106997eedeed9154afc98bba01597fae33e9c0259781e3fef2e97a457,unverified / source variant,
assets/icons/new icons/Free-Clothing-32x32-Pixel-Icons/1 Icons/Icon30_33.png,source-pack,32,32,,,1325,565dff7effc8381656680d4757a985325c33993b01b048b61e9660c11191590b,unverified / source variant,
assets/icons/new icons/Free-Clothing-32x32-Pixel-Icons/1 Icons/Icon30_34.png,source-pack,32,32,,,1252,646a1b886ec7864a3ff9f9dde0af3f81dbad3687787f2dde77d3ea3d5f9df8c8,unverified / source variant,
assets/icons/new icons/Free-Clothing-32x32-Pixel-Icons/1 Icons/Icon30_35.png,source-pack,32,32,,,1318,de351b58e737a97e60b9af63449f13d8efab830aa7f2eaa338d91beba6df9bdb,unverified / source variant,
assets/icons/new icons/Free-Clothing-32x32-Pixel-Icons/1 Icons/Icon30_36.png,source-pack,32,32,,,1262,eaaa86359a6c9b01ce6ada2fd6a01b9342fb69ac06b03a866b34d2efec92752a,unverified / source variant,
assets/icons/new icons/Free-Clothing-32x32-Pixel-Icons/1 Icons/Icon30_37.png,source-pack,32,32,,,1311,080300ad5a3dfc512214d06bc00701ca68b6264f9116ad02bd65d08319e7e7f6,unverified / source variant,
assets/icons/new icons/Free-Clothing-32x32-Pixel-Icons/1 Icons/Icon30_38.png,source-pack,32,32,,,1257,ac4b303aef65df326763caa048d12a6150228762047aaee4943f1a0684173269,unverified / source variant,
assets/icons/new icons/Free-Clothing-32x32-Pixel-Icons/1 Icons/Icon30_39.png,source-pack,32,32,,,1339,711391c53531cc667df56b2e2b13e2e7ddf9c607b5a7d7f011d39fda3b9306b7,unverified / source variant,
assets/icons/new icons/Free-Clothing-32x32-Pixel-Icons/1 Icons/Icon30_40.png,source-pack,32,32,,,1252,bd22112b48a1275b2e0a431259455b36294c0c2a273db6f9fe172b36857c7028,unverified / source variant,
assets/icons/new icons/Free-Clothing-32x32-Pixel-Icons/Coupon by craftpix.pdf.png,source-pack,1840,1148,,,363478,57ff60e963d213d1424350cef6868afb3bed71936f4b631e9e130a125c54ea4c,unverified / source variant,
assets/icons/new icons/Free-Cyberpunk-Resource-Pixel-Art-32x32-Icons/1 Icons/Icon14_01.png,source-pack,32,32,,,1225,272fd94b4497053af188a7ec4dc683aebb7ba5deec1d1682759bb36d165c9d11,unverified / source variant,
assets/icons/new icons/Free-Cyberpunk-Resource-Pixel-Art-32x32-Icons/1 Icons/Icon14_02.png,source-pack,32,32,,,1347,282c1cdbae73bf92e82d0548b76a392b9404290ba1e95621086dfa2d13e8f6ae,unverified / source variant,
assets/icons/new icons/Free-Cyberpunk-Resource-Pixel-Art-32x32-Icons/1 Icons/Icon14_03.png,source-pack,32,32,,,1250,656d0a23be6d092cd21669c60a08c079f3b5d200f74c113ea6130b9ced3fbb2d,unverified / source variant,
assets/icons/new icons/Free-Cyberpunk-Resource-Pixel-Art-32x32-Icons/1 Icons/Icon14_04.png,source-pack,32,32,,,1283,07a345882a6409dd73e975c81f665440a3ce9e1f2b3fd5ab0e5927a75755c5ff,unverified / source variant,
assets/icons/new icons/Free-Cyberpunk-Resource-Pixel-Art-32x32-Icons/1 Icons/Icon14_05.png,source-pack,32,32,,,1309,8997b3bfc2f8d8bccad40dc38f5d293f3987b76aa1d2cf885c0769a57a300ac9,unverified / source variant,
assets/icons/new icons/Free-Cyberpunk-Resource-Pixel-Art-32x32-Icons/1 Icons/Icon14_06.png,source-pack,32,32,,,1317,bcbffba3d00ee31171e130b0a027d6bf74354430ab988259c2990cd9bff207af,unverified / source variant,
assets/icons/new icons/Free-Cyberpunk-Resource-Pixel-Art-32x32-Icons/1 Icons/Icon14_07.png,source-pack,32,32,,,1265,3af0a3ccafd90e7eb7e44b712cd7cb31f06014ba2f1e4d4559e847ce618ac1fd,unverified / source variant,
assets/icons/new icons/Free-Cyberpunk-Resource-Pixel-Art-32x32-Icons/1 Icons/Icon14_08.png,source-pack,32,32,,,1358,02ec54d12a32684f9c04b24506af89f6d4fd2db17ff012a6e936d6bbac61e970,unverified / source variant,
assets/icons/new icons/Free-Cyberpunk-Resource-Pixel-Art-32x32-Icons/1 Icons/Icon14_09.png,source-pack,32,32,,,1220,826e3569fc67c71d2975d949e0977bb9274c1a9f48620c2e16f9828081bc34dd,unverified / source variant,
assets/icons/new icons/Free-Cyberpunk-Resource-Pixel-Art-32x32-Icons/1 Icons/Icon14_10.png,source-pack,32,32,,,1352,4df8bb9de7834775d59d2aa4eeb0cac001ff8b8bca45135c376ed96642fa5a85,unverified / source variant,
assets/icons/new icons/Free-Cyberpunk-Resource-Pixel-Art-32x32-Icons/1 Icons/Icon14_11.png,source-pack,32,32,,,1296,fe8ea58f25e4294b470cb48ce7e7e9774c88457eb80ad2e6a1fca656984ef365,unverified / source variant,
assets/icons/new icons/Free-Cyberpunk-Resource-Pixel-Art-32x32-Icons/1 Icons/Icon14_12.png,source-pack,32,32,,,1211,e95783a24e42b9f1b2df01751347c0a99a90806dc77b43ddecff0b9d2325b995,unverified / source variant,
assets/icons/new icons/Free-Cyberpunk-Resource-Pixel-Art-32x32-Icons/1 Icons/Icon14_13.png,source-pack,32,32,,,1290,459b7b7e4e62ed60b658709ec68bd1336f2b62771da95abb8cb4581a7ddf35ef,unverified / source variant,
assets/icons/new icons/Free-Cyberpunk-Resource-Pixel-Art-32x32-Icons/1 Icons/Icon14_14.png,source-pack,32,32,,,1186,d521c18637bab8fe5077c11a2c8b94e200098d5d466e7f253a27264993ccaec8,unverified / source variant,
assets/icons/new icons/Free-Cyberpunk-Resource-Pixel-Art-32x32-Icons/1 Icons/Icon14_15.png,source-pack,32,32,,,1312,70349079ecbef81a25e0a28ce788b9d38a180f1c0d94cacc8315a75ef5a2041a,unverified / source variant,
assets/icons/new icons/Free-Cyberpunk-Resource-Pixel-Art-32x32-Icons/1 Icons/Icon14_16.png,source-pack,32,32,,,1282,8c7a863b314ecad8cdb24322eec1a432d555afe6514c37c5233ffcff652752fa,unverified / source variant,
assets/icons/new icons/Free-Cyberpunk-Resource-Pixel-Art-32x32-Icons/1 Icons/Icon14_17.png,source-pack,32,32,,,1310,1b36ec94551d73d615f08b4e38a93d5646d9e6554daa7042ce633a9a59e43944,unverified / source variant,
assets/icons/new icons/Free-Cyberpunk-Resource-Pixel-Art-32x32-Icons/1 Icons/Icon14_18.png,source-pack,32,32,,,1238,c9902b0c1838392d7ddb15a449155c840cfab9e38244c4a2c06761d96937d34b,unverified / source variant,
assets/icons/new icons/Free-Cyberpunk-Resource-Pixel-Art-32x32-Icons/1 Icons/Icon14_19.png,source-pack,32,32,,,1298,61434ce5a701c05d47c0b44e75d09e4a073554b1c123739fdb62260d0e5b9685,unverified / source variant,
assets/icons/new icons/Free-Cyberpunk-Resource-Pixel-Art-32x32-Icons/1 Icons/Icon14_20.png,source-pack,32,32,,,1250,ad082b962f777744ba8e5f253b23581cc827d0b2c2981128cd462aa9f6420d48,unverified / source variant,
assets/icons/new icons/Free-Cyberpunk-Resource-Pixel-Art-32x32-Icons/1 Icons/Icon14_21.png,source-pack,32,32,,,1197,85738ec904b4c2540af66228001511252cd0144d21bbbb2746b5db457acc88bf,unverified / source variant,
assets/icons/new icons/Free-Cyberpunk-Resource-Pixel-Art-32x32-Icons/1 Icons/Icon14_22.png,source-pack,32,32,,,1265,da22b0d94ab9f47070884bd882a324e22a00e86ec23eafc0f78f7abc43fa29ad,unverified / source variant,
assets/icons/new icons/Free-Cyberpunk-Resource-Pixel-Art-32x32-Icons/1 Icons/Icon14_23.png,source-pack,32,32,,,1230,d8f62b157fbbf369d946d0fd2cf5ae82f5553c696ccaba9490e3102e1c9586ba,unverified / source variant,
assets/icons/new icons/Free-Cyberpunk-Resource-Pixel-Art-32x32-Icons/1 Icons/Icon14_24.png,source-pack,32,32,,,1345,349b38578ec58edc7b2f4f4411b8fdebf49bc35089a440d7a651fb8049ce0b39,unverified / source variant,
assets/icons/new icons/Free-Cyberpunk-Resource-Pixel-Art-32x32-Icons/1 Icons/Icon14_25.png,source-pack,32,32,,,1208,03266b71e8ef773e77b79ff756e5514a3954ceae796a5cc6b84c93c15482fb7e,unverified / source variant,
assets/icons/new icons/Free-Cyberpunk-Resource-Pixel-Art-32x32-Icons/1 Icons/Icon14_26.png,source-pack,32,32,,,1354,54527da965b5118a231469b931b78483b63069bb2c9096ee78521c8e642b9cef,unverified / source variant,
assets/icons/new icons/Free-Cyberpunk-Resource-Pixel-Art-32x32-Icons/1 Icons/Icon14_27.png,source-pack,32,32,,,1266,96c1a4b225776910d9695bd4e3f12d1a536fa1169425ca0c40061dc6d478806f,unverified / source variant,
assets/icons/new icons/Free-Cyberpunk-Resource-Pixel-Art-32x32-Icons/1 Icons/Icon14_28.png,source-pack,32,32,,,1336,ac225de9e16464871a8a4f29933825d0b4686deae25b194cc36552209379ac75,unverified / source variant,
assets/icons/new icons/Free-Cyberpunk-Resource-Pixel-Art-32x32-Icons/1 Icons/Icon14_29.png,source-pack,32,32,,,1204,9c961a5d6ec9e0a7b055d23be1e994c4e4d56b406f888c40b7f3a99992cd06f3,unverified / source variant,
assets/icons/new icons/Free-Cyberpunk-Resource-Pixel-Art-32x32-Icons/1 Icons/Icon14_30.png,source-pack,32,32,,,1273,33a778d9ac60d952c32d4eca96ac41c920616afbdc1c09ae37d5445efaced1ed,unverified / source variant,
assets/icons/new icons/Free-Cyberpunk-Resource-Pixel-Art-32x32-Icons/1 Icons/Icon14_31.png,source-pack,32,32,,,1233,920cf3dd9b9c5e7adae0520042352d9b3a1bbc344f476cfdb4c0fbbe0a16da32,unverified / source variant,
assets/icons/new icons/Free-Cyberpunk-Resource-Pixel-Art-32x32-Icons/1 Icons/Icon14_32.png,source-pack,32,32,,,1261,f3cca137b20fb360db214592ea0c4d2865466d6a0913abf733092a4ab2b6e086,unverified / source variant,
assets/icons/new icons/Free-Cyberpunk-Resource-Pixel-Art-32x32-Icons/1 Icons/Icon14_33.png,source-pack,32,32,,,1333,ad7b9ddd550138b20b8a3cc993b3b64ffb50e204bfa0c3008aefa177acc34047,unverified / source variant,
assets/icons/new icons/Free-Cyberpunk-Resource-Pixel-Art-32x32-Icons/1 Icons/Icon14_34.png,source-pack,32,32,,,1142,4be43efa8a850d1e9a60929c52b85d19fcef620aa21d1c912500c5d57dacb156,unverified / source variant,
assets/icons/new icons/Free-Cyberpunk-Resource-Pixel-Art-32x32-Icons/1 Icons/Icon14_35.png,source-pack,32,32,,,1312,c8dcdb314daaa07937500c4e4170da31ad55fcd283dc280f30654b68f225c00d,unverified / source variant,
assets/icons/new icons/Free-Cyberpunk-Resource-Pixel-Art-32x32-Icons/1 Icons/Icon14_36.png,source-pack,32,32,,,1187,d029005bd191c15fe99fca80e1caf158c3ad16cf289bfe2861a1c77ff967ed60,unverified / source variant,
assets/icons/new icons/Free-Cyberpunk-Resource-Pixel-Art-32x32-Icons/1 Icons/Icon14_37.png,source-pack,32,32,,,1396,6f59127ceeef48e6bed89f43ac3326e52ba8ab37a02bf91f2dea3cc69e9ac2ec,unverified / source variant,
assets/icons/new icons/Free-Cyberpunk-Resource-Pixel-Art-32x32-Icons/1 Icons/Icon14_38.png,source-pack,32,32,,,1250,4d4c8812a111745e480a29946a0730eba75d72abd30ffcbe92233db7e757381b,unverified / source variant,
assets/icons/new icons/Free-Cyberpunk-Resource-Pixel-Art-32x32-Icons/1 Icons/Icon14_39.png,source-pack,32,32,,,1300,3638bfb025fc1c160ad86228d262685dae516404a5fe3afec71d1f7194ebfa0a,unverified / source variant,
assets/icons/new icons/Free-Cyberpunk-Resource-Pixel-Art-32x32-Icons/1 Icons/Icon14_40.png,source-pack,32,32,,,1190,ed52b161252044afa7d36c8594848e21986aed034c1b9ed8f599a71d88b2b135,unverified / source variant,
assets/icons/new icons/Free-Cyberpunk-Resource-Pixel-Art-32x32-Icons/Coupon by craftpix.pdf.png,source-pack,1840,1148,,,363478,57ff60e963d213d1424350cef6868afb3bed71936f4b631e9e130a125c54ea4c,unverified / source variant,
assets/icons/new icons/Free-Guns-Icon-32x32-Pixel-Pack/1 Icons/Icon29_01.png,source-pack,32,32,,,1270,9ab1b114f9a27fcaa20b66af97a246c29a72709ebaade3ec646806786f61fc42,unverified / source variant,
assets/icons/new icons/Free-Guns-Icon-32x32-Pixel-Pack/1 Icons/Icon29_02.png,source-pack,32,32,,,1326,75312156f5ce1f342d9da54f65ba7006b8f10cb4da6ef4bd500eb848058cb9ac,unverified / source variant,
assets/icons/new icons/Free-Guns-Icon-32x32-Pixel-Pack/1 Icons/Icon29_03.png,source-pack,32,32,,,1241,74ffe640c40d182cefe3da42f67a465fdfc308688a6eed95f647d82c17a18493,unverified / source variant,
assets/icons/new icons/Free-Guns-Icon-32x32-Pixel-Pack/1 Icons/Icon29_04.png,source-pack,32,32,,,1334,06ac8dc6dfd46d242a5416c4e498e44ad5b6af287f6a4420ae8498126a19e2b8,unverified / source variant,
assets/icons/new icons/Free-Guns-Icon-32x32-Pixel-Pack/1 Icons/Icon29_05.png,source-pack,32,32,,,1287,aad7a4ef6e8ff4d4b41947bf1d881e64fb2710c9b187ac00c671ae11e886ba29,unverified / source variant,
assets/icons/new icons/Free-Guns-Icon-32x32-Pixel-Pack/1 Icons/Icon29_06.png,source-pack,32,32,,,1362,4df0df8829eef63aef7d863e7af061c913eda9550ddc6143b2774a9b1607fffb,unverified / source variant,
assets/icons/new icons/Free-Guns-Icon-32x32-Pixel-Pack/1 Icons/Icon29_07.png,source-pack,32,32,,,1281,024ab1382f1b8c14fb0b4e18cece337064a01bf5a90f8d81bb58eabc9b63ddb7,unverified / source variant,
assets/icons/new icons/Free-Guns-Icon-32x32-Pixel-Pack/1 Icons/Icon29_08.png,source-pack,32,32,,,1367,c8a352039a563acb3e1e17aa50d99ead4a2509b2ef44afe93a853c1361ba092e,unverified / source variant,
assets/icons/new icons/Free-Guns-Icon-32x32-Pixel-Pack/1 Icons/Icon29_09.png,source-pack,32,32,,,1277,1fc0d9d8fb3dd64dbcad6b14723a5077df781cae66dd2d410688af11bf8686cc,unverified / source variant,
assets/icons/new icons/Free-Guns-Icon-32x32-Pixel-Pack/1 Icons/Icon29_10.png,source-pack,32,32,,,1347,e7814cec7239d58dc0e921891eada07b681f5b43c69daac710451326e46ec314,unverified / source variant,
assets/icons/new icons/Free-Guns-Icon-32x32-Pixel-Pack/1 Icons/Icon29_11.png,source-pack,32,32,,,1349,4d844577bd9f60de9c8e853c38368b91cd50b8f2c8cff59bde57d1d1d54837b0,unverified / source variant,
assets/icons/new icons/Free-Guns-Icon-32x32-Pixel-Pack/1 Icons/Icon29_12.png,source-pack,32,32,,,1263,887a1511fbc38ea34ed4031040f27b464a7a751c46fe7759a29777657c7bfc3b,unverified / source variant,
assets/icons/new icons/Free-Guns-Icon-32x32-Pixel-Pack/1 Icons/Icon29_13.png,source-pack,32,32,,,1357,8a09606a8814abefd7391e10c7ed7e52f7a6325a47daf2b80885e1efc7ee70ca,unverified / source variant,
assets/icons/new icons/Free-Guns-Icon-32x32-Pixel-Pack/1 Icons/Icon29_14.png,source-pack,32,32,,,1262,ccd0c33c544032c5a2b46e9d68b7a53fdfc6b631a980adf840de7b0c8ad38230,unverified / source variant,
assets/icons/new icons/Free-Guns-Icon-32x32-Pixel-Pack/1 Icons/Icon29_15.png,source-pack,32,32,,,1373,9577891e53b081eb4d347814927a606a82f4d36a1fd3bfacc1d485bd00f704b9,unverified / source variant,
assets/icons/new icons/Free-Guns-Icon-32x32-Pixel-Pack/1 Icons/Icon29_16.png,source-pack,32,32,,,1272,ddb54aff35543f7e13d6b33ef0586115fec60629de0df2d0ee2ac12cff8eacf8,unverified / source variant,
assets/icons/new icons/Free-Guns-Icon-32x32-Pixel-Pack/1 Icons/Icon29_17.png,source-pack,32,32,,,1345,1f9b393e8251ded450172ea06336b1ba18381d08d59da7858313dcc059e02982,unverified / source variant,
assets/icons/new icons/Free-Guns-Icon-32x32-Pixel-Pack/1 Icons/Icon29_18.png,source-pack,32,32,,,1265,48ce109c3017b4b8e23ecb1b2b842ba533301d1311654ebb2d81c3e22c0501da,unverified / source variant,
assets/icons/new icons/Free-Guns-Icon-32x32-Pixel-Pack/1 Icons/Icon29_19.png,source-pack,32,32,,,1353,ebf6af60de4e6cb87fb862433e1e5d2a56fc6e058aa902d18af0060f0435eaca,unverified / source variant,
assets/icons/new icons/Free-Guns-Icon-32x32-Pixel-Pack/1 Icons/Icon29_20.png,source-pack,32,32,,,1266,e0525f1c5f21d0195127295f055a785904d6747c71ef5bd52626d262ef9a79ef,unverified / source variant,
assets/icons/new icons/Free-Guns-Icon-32x32-Pixel-Pack/1 Icons/Icon29_21.png,source-pack,32,32,,,1260,b43fe529d9ec97dad0db04681bce15a71ee38eb0d4c15bd832bc6440fd740e1c,unverified / source variant,
assets/icons/new icons/Free-Guns-Icon-32x32-Pixel-Pack/1 Icons/Icon29_22.png,source-pack,32,32,,,1347,875cb82158c210fe7511937f642ec6354effac96a54e796e8a95b934827edbc5,unverified / source variant,
assets/icons/new icons/Free-Guns-Icon-32x32-Pixel-Pack/1 Icons/Icon29_23.png,source-pack,32,32,,,1304,92d440e8a6dfde9f4544757bf134c2b9948898c59ef41316e0ceb32c713444dd,unverified / source variant,
assets/icons/new icons/Free-Guns-Icon-32x32-Pixel-Pack/1 Icons/Icon29_24.png,source-pack,32,32,,,1349,96781561918d738a1486468f06bc69e4459903b3cab52ff0dc731902474865db,unverified / source variant,
assets/icons/new icons/Free-Guns-Icon-32x32-Pixel-Pack/1 Icons/Icon29_25.png,source-pack,32,32,,,1267,9d8ea98a204e14b37eb574ce24e3777db3cfcb9370dcae8c66f898c4dfade91a,unverified / source variant,
assets/icons/new icons/Free-Guns-Icon-32x32-Pixel-Pack/1 Icons/Icon29_26.png,source-pack,32,32,,,1373,1941125e82952a51c6e901047b964056e497883bfb5bca97261d059db07585ae,unverified / source variant,
assets/icons/new icons/Free-Guns-Icon-32x32-Pixel-Pack/1 Icons/Icon29_27.png,source-pack,32,32,,,1274,a29611295ee96771a8435a771d9baf5f4a676b72fd54f5a132de79988b553fc3,unverified / source variant,
assets/icons/new icons/Free-Guns-Icon-32x32-Pixel-Pack/1 Icons/Icon29_28.png,source-pack,32,32,,,1327,02d400c19bfcfa5a6f39cce19394f0f04db218ab69a8ce7a8241236fc8c14327,unverified / source variant,
assets/icons/new icons/Free-Guns-Icon-32x32-Pixel-Pack/1 Icons/Icon29_29.png,source-pack,32,32,,,1236,8f49d06def309e1a8c392da911147c3c593538be6208f85f91b2643a52e87635,unverified / source variant,
assets/icons/new icons/Free-Guns-Icon-32x32-Pixel-Pack/1 Icons/Icon29_30.png,source-pack,32,32,,,1334,9b0ee91727be2e8ce0f9d1ca15f0c824946c4b945e4ccd2d5b5fd2b56455771f,unverified / source variant,
assets/icons/new icons/Free-Guns-Icon-32x32-Pixel-Pack/1 Icons/Icon29_31.png,source-pack,32,32,,,1303,e2bac6ec9ab23dba649fccbe0cabcd786bf35e20a45673e0aaa89a1d3e21622d,unverified / source variant,
assets/icons/new icons/Free-Guns-Icon-32x32-Pixel-Pack/1 Icons/Icon29_32.png,source-pack,32,32,,,1256,ee6c42e720a04328ffcccd59c2cdf675a4b748180a97a5957b2bee8299da6bef,unverified / source variant,
assets/icons/new icons/Free-Guns-Icon-32x32-Pixel-Pack/1 Icons/Icon29_33.png,source-pack,32,32,,,1345,ccd786463fee9912f532a942cfc426fb943a8d5834c39d8cd37309c3c20f7c1c,unverified / source variant,
assets/icons/new icons/Free-Guns-Icon-32x32-Pixel-Pack/1 Icons/Icon29_34.png,source-pack,32,32,,,1262,8e5b3cbc548da7f4da07bb538b7efd80abc73b8ceee3de7af59185f61efe621b,unverified / source variant,
assets/icons/new icons/Free-Guns-Icon-32x32-Pixel-Pack/1 Icons/Icon29_35.png,source-pack,32,32,,,1323,abe6be5bfd855eb6e8fc31e95c48fbc866a780425e1c2431dd8d3c0734fddb1b,unverified / source variant,
assets/icons/new icons/Free-Guns-Icon-32x32-Pixel-Pack/1 Icons/Icon29_36.png,source-pack,32,32,,,1258,22ede816001507a44fcec7dc84467489cc3796f6f336e9a007ea14eee1577c8b,unverified / source variant,
assets/icons/new icons/Free-Guns-Icon-32x32-Pixel-Pack/1 Icons/Icon29_37.png,source-pack,32,32,,,1340,2e1e10316adaab18920b8556a16b41fa90185656dd08ea5c8ba54b022d8f944e,unverified / source variant,
assets/icons/new icons/Free-Guns-Icon-32x32-Pixel-Pack/1 Icons/Icon29_38.png,source-pack,32,32,,,1252,c46f71cc300e6efb44998cf2248cba8f684ad10c22220627fa105e700e806899,unverified / source variant,
assets/icons/new icons/Free-Guns-Icon-32x32-Pixel-Pack/1 Icons/Icon29_39.png,source-pack,32,32,,,1353,8203bad548a4ec08f55d0b276553f46c65c8d6c71b07ee52e39278e7f7e4c675,unverified / source variant,
assets/icons/new icons/Free-Guns-Icon-32x32-Pixel-Pack/1 Icons/Icon29_40.png,source-pack,32,32,,,1231,11bba5e4d68fcbbd482b4af994c5f278986db34b9ee415a6296a9def8a1a1886,unverified / source variant,
assets/icons/new icons/Free-Guns-Icon-32x32-Pixel-Pack/Coupon by craftpix.pdf.png,source-pack,1840,1148,,,363478,57ff60e963d213d1424350cef6868afb3bed71936f4b631e9e130a125c54ea4c,unverified / source variant,
assets/icons/new icons/Free-Melee-Weapon-Pixel-Icons-for-Cyberpunk/1 Icons/Icon28_01.png,source-pack,32,32,,,1229,861cdad8632671a8ad0be1dca60bdb3095c0e80ce0eddbd18746ff4efd85b26c,unverified / source variant,
assets/icons/new icons/Free-Melee-Weapon-Pixel-Icons-for-Cyberpunk/1 Icons/Icon28_02.png,source-pack,32,32,,,1274,e46537babbffde0f60240c3e41f88ac8e12977c1159c19989ac3dda69ddda368,unverified / source variant,
assets/icons/new icons/Free-Melee-Weapon-Pixel-Icons-for-Cyberpunk/1 Icons/Icon28_03.png,source-pack,32,32,,,1240,c2318b482702c3d69e5dfd7fa595942d7d4624ec25197d0e5080af3cf69b972c,unverified / source variant,
assets/icons/new icons/Free-Melee-Weapon-Pixel-Icons-for-Cyberpunk/1 Icons/Icon28_04.png,source-pack,32,32,,,1297,1b95f3f5d1d0f8e6070fd42deaaf896c60eb94864142cd8c560e7a7701b4c129,unverified / source variant,
assets/icons/new icons/Free-Melee-Weapon-Pixel-Icons-for-Cyberpunk/1 Icons/Icon28_05.png,source-pack,32,32,,,1207,8965a571e769460599414426e7b5598d346e144f9ea1862f8dd7f30f3586d8d9,unverified / source variant,
assets/icons/new icons/Free-Melee-Weapon-Pixel-Icons-for-Cyberpunk/1 Icons/Icon28_06.png,source-pack,32,32,,,1250,6cd4bb1900e1a1a002cb6b7858208ffbaf158bdacdcbee9fc92fe8a18641be1c,unverified / source variant,
assets/icons/new icons/Free-Melee-Weapon-Pixel-Icons-for-Cyberpunk/1 Icons/Icon28_07.png,source-pack,32,32,,,1216,1411ca8cb1bebbe6db133cc82bf49e92532f042e40ca1be231f98ece38b1dea6,unverified / source variant,
assets/icons/new icons/Free-Melee-Weapon-Pixel-Icons-for-Cyberpunk/1 Icons/Icon28_08.png,source-pack,32,32,,,1311,6add4612a4ad234b2fe19a37dd1345b648b6decb877e827de03ec7968529469b,unverified / source variant,
assets/icons/new icons/Free-Melee-Weapon-Pixel-Icons-for-Cyberpunk/1 Icons/Icon28_09.png,source-pack,32,32,,,1240,ba5640b2b598e0eab21311e3bfaca381e836c352dcf1442f56978d91520d2997,unverified / source variant,
assets/icons/new icons/Free-Melee-Weapon-Pixel-Icons-for-Cyberpunk/1 Icons/Icon28_10.png,source-pack,32,32,,,1318,b8d283a75db297364d1359459da0acc6fdc488f1376b0148de04a4680d727deb,unverified / source variant,
assets/icons/new icons/Free-Melee-Weapon-Pixel-Icons-for-Cyberpunk/1 Icons/Icon28_11.png,source-pack,32,32,,,1317,6dc4f9166fbe169ebff7c2f733a7472a22e87847d85f1d621a3f0df179664d7b,unverified / source variant,
assets/icons/new icons/Free-Melee-Weapon-Pixel-Icons-for-Cyberpunk/1 Icons/Icon28_12.png,source-pack,32,32,,,1199,f3b3a0c988c0294ab1ca0c28d764f9b5c8241abd51f269fc703ecf8659a871f9,unverified / source variant,
assets/icons/new icons/Free-Melee-Weapon-Pixel-Icons-for-Cyberpunk/1 Icons/Icon28_13.png,source-pack,32,32,,,1329,f5c594526273ef5c3e3279965c92d9eb8b9de94e1863a6bb309825973a658d21,unverified / source variant,
assets/icons/new icons/Free-Melee-Weapon-Pixel-Icons-for-Cyberpunk/1 Icons/Icon28_14.png,source-pack,32,32,,,1195,255ea47c76e41ebd2446f2f97979e6088cb90a32589a46e9e18e52f2c7d5c5f0,unverified / source variant,
assets/icons/new icons/Free-Melee-Weapon-Pixel-Icons-for-Cyberpunk/1 Icons/Icon28_15.png,source-pack,32,32,,,1305,71a56456184218013c5798025bad3ea57bc067c856d3220e1db5384334cc8f91,unverified / source variant,
assets/icons/new icons/Free-Melee-Weapon-Pixel-Icons-for-Cyberpunk/1 Icons/Icon28_16.png,source-pack,32,32,,,1244,3897952f35d031cf3e1206ececec352b94d85bd315791c9b3365a5403f93009a,unverified / source variant,
assets/icons/new icons/Free-Melee-Weapon-Pixel-Icons-for-Cyberpunk/1 Icons/Icon28_17.png,source-pack,32,32,,,1293,9d0e116718bb97563c14f30719cfb901f3ca07ba41a79a866909b956ff6e82b0,unverified / source variant,
assets/icons/new icons/Free-Melee-Weapon-Pixel-Icons-for-Cyberpunk/1 Icons/Icon28_18.png,source-pack,32,32,,,1176,440f7a2c79f6e5ea762e73a0b30e06aecffffb1b40ddc88e4eefdd73b3c3922b,unverified / source variant,
assets/icons/new icons/Free-Melee-Weapon-Pixel-Icons-for-Cyberpunk/1 Icons/Icon28_19.png,source-pack,32,32,,,1284,5c29455378b1e726b1cc1971aee826e1e788ad80749f95049999a26d7e08be5d,unverified / source variant,
assets/icons/new icons/Free-Melee-Weapon-Pixel-Icons-for-Cyberpunk/1 Icons/Icon28_20.png,source-pack,32,32,,,1228,20c26780e3291b1f9b5f7bdffc29270a70f2958e5df1823fae864688f21a67bb,unverified / source variant,
assets/icons/new icons/Free-Melee-Weapon-Pixel-Icons-for-Cyberpunk/1 Icons/Icon28_21.png,source-pack,32,32,,,1235,06be5867aef2206253569cd3dd986796cee2751670137ae355449584dd6024b4,unverified / source variant,
assets/icons/new icons/Free-Melee-Weapon-Pixel-Icons-for-Cyberpunk/1 Icons/Icon28_22.png,source-pack,32,32,,,1290,69e19654ba30ac652c011b6029b2d761ebe84aecbc2201b0032901f856c5d966,unverified / source variant,
assets/icons/new icons/Free-Melee-Weapon-Pixel-Icons-for-Cyberpunk/1 Icons/Icon28_23.png,source-pack,32,32,,,1200,ed2cc04e36429140f49d6e542719efedc3dce25ad5e3f671811fff85b7e71764,unverified / source variant,
assets/icons/new icons/Free-Melee-Weapon-Pixel-Icons-for-Cyberpunk/1 Icons/Icon28_24.png,source-pack,32,32,,,1316,f42f8161cdac8b83c1088413a5a14b5eae1fa43f169995d6ea01e026acd4ca04,unverified / source variant,
assets/icons/new icons/Free-Melee-Weapon-Pixel-Icons-for-Cyberpunk/1 Icons/Icon28_25.png,source-pack,32,32,,,1230,3baa874b119f4769f76732293cdc5e37086570655c2c3b4a917f1e67d59c9380,unverified / source variant,
assets/icons/new icons/Free-Melee-Weapon-Pixel-Icons-for-Cyberpunk/1 Icons/Icon28_26.png,source-pack,32,32,,,1296,d56332cd6201e28bcc429d2bce1c1f43929b6a65f73bcc941af80bcf257373c2,unverified / source variant,
assets/icons/new icons/Free-Melee-Weapon-Pixel-Icons-for-Cyberpunk/1 Icons/Icon28_27.png,source-pack,32,32,,,1206,ca232312ed209a335f77b7ee945c78733ad809299f36398d970356ccbc3416d7,unverified / source variant,
assets/icons/new icons/Free-Melee-Weapon-Pixel-Icons-for-Cyberpunk/1 Icons/Icon28_28.png,source-pack,32,32,,,1292,4268441b95cd7fdf862a7dfc55c0d3b191043b1dcb2e11a00ac39b0f42074813,unverified / source variant,
assets/icons/new icons/Free-Melee-Weapon-Pixel-Icons-for-Cyberpunk/1 Icons/Icon28_29.png,source-pack,32,32,,,1228,491322714e5875711c7c55cbfd5d05ac91bd3060cada4876ad032e87efa5b369,unverified / source variant,
assets/icons/new icons/Free-Melee-Weapon-Pixel-Icons-for-Cyberpunk/1 Icons/Icon28_30.png,source-pack,32,32,,,1312,33ec50b36135432929f97f30cef6bc3669ca31d7f201d64e81418e9581d5c663,unverified / source variant,
assets/icons/new icons/Free-Melee-Weapon-Pixel-Icons-for-Cyberpunk/1 Icons/Icon28_31.png,source-pack,32,32,,,1299,028e143174a308d8cee364f53076f99b2a7f5c88945aad336222a1a6c867eb77,unverified / source variant,
assets/icons/new icons/Free-Melee-Weapon-Pixel-Icons-for-Cyberpunk/1 Icons/Icon28_32.png,source-pack,32,32,,,1197,8bdaff0d0086c462826ec0abd33e04163ed16ee65dbcb58f17828c8f99482277,unverified / source variant,
assets/icons/new icons/Free-Melee-Weapon-Pixel-Icons-for-Cyberpunk/1 Icons/Icon28_33.png,source-pack,32,32,,,1289,6915887d6ef5e21073ba0c49258cbb84e90579cc3380759d2db9d10b8dd3f984,unverified / source variant,
assets/icons/new icons/Free-Melee-Weapon-Pixel-Icons-for-Cyberpunk/1 Icons/Icon28_34.png,source-pack,32,32,,,1211,dbc5cf14fad5df67f5bfea71ae2d5d8fb0bd965598a12e3681afe777e13137ff,unverified / source variant,
assets/icons/new icons/Free-Melee-Weapon-Pixel-Icons-for-Cyberpunk/1 Icons/Icon28_35.png,source-pack,32,32,,,1322,d78c295917ad4fe5e8b2cf4c9cbc672604257ed82de8b937f5b318ed2f6e6591,unverified / source variant,
assets/icons/new icons/Free-Melee-Weapon-Pixel-Icons-for-Cyberpunk/1 Icons/Icon28_36.png,source-pack,32,32,,,1243,5dc9b360a1ef9e6d8c7909c763dee5c8f4c83e9218a578276c1dc7ffcbc4a8b0,unverified / source variant,
assets/icons/new icons/Free-Melee-Weapon-Pixel-Icons-for-Cyberpunk/1 Icons/Icon28_37.png,source-pack,32,32,,,1277,b7fda0a1b987692f720e3450dc50c46391f00e6ecfc20f4de15af6ca4cda174a,unverified / source variant,
assets/icons/new icons/Free-Melee-Weapon-Pixel-Icons-for-Cyberpunk/1 Icons/Icon28_38.png,source-pack,32,32,,,1243,f25391d475337d5a37601317565e2c287baaf06f14489bdf61435a6ebe2ea803,unverified / source variant,
assets/icons/new icons/Free-Melee-Weapon-Pixel-Icons-for-Cyberpunk/1 Icons/Icon28_39.png,source-pack,32,32,,,1253,52abdb40d72b2d17a7082dd2aca370f6a4975ad42efaa62842b0f10adb9ae8c8,unverified / source variant,
assets/icons/new icons/Free-Melee-Weapon-Pixel-Icons-for-Cyberpunk/1 Icons/Icon28_40.png,source-pack,32,32,,,1203,264a1cf8587997779e0d947af4e95980ec6ac267933a9f8641301e66efa89543,unverified / source variant,
assets/icons/new icons/Free-Melee-Weapon-Pixel-Icons-for-Cyberpunk/Coupon by craftpix.pdf.png,source-pack,1840,1148,,,363478,57ff60e963d213d1424350cef6868afb3bed71936f4b631e9e130a125c54ea4c,unverified / source variant,
assets/icons/new icons/Free-Mining-Pixel-32x32-Icons/1 Icons/Icon31_01.png,source-pack,32,32,,,1223,e0b46af44fbd3732c14d26d3bcf9ead5293274058679b18fed8e8d14c9c74483,unverified / source variant,
assets/icons/new icons/Free-Mining-Pixel-32x32-Icons/1 Icons/Icon31_02.png,source-pack,32,32,,,1305,1b0b365ecff99688300ab6cae44e7304c4a210b9a4a5765753c83b5c9dc5e109,unverified / source variant,
assets/icons/new icons/Free-Mining-Pixel-32x32-Icons/1 Icons/Icon31_03.png,source-pack,32,32,,,1264,04a6f9c199319506c9eaa68ef31f675a2dc16165b37d6baeb47524d8ed6eb0cf,unverified / source variant,
assets/icons/new icons/Free-Mining-Pixel-32x32-Icons/1 Icons/Icon31_04.png,source-pack,32,32,,,1357,fec50ba19af9bf9e519522d425cbb0a04d04a8c2303714d85844aacbdaf73ae2,unverified / source variant,
assets/icons/new icons/Free-Mining-Pixel-32x32-Icons/1 Icons/Icon31_05.png,source-pack,32,32,,,1210,c9b8b2b9fbd7996e530364f382a9fcb570ff217090cb00e337020d7c276d24f9,unverified / source variant,
assets/icons/new icons/Free-Mining-Pixel-32x32-Icons/1 Icons/Icon31_06.png,source-pack,32,32,,,1313,51e1713962d5176ce7827a875c811256da36190de770ff1d306ab504533faa55,unverified / source variant,
assets/icons/new icons/Free-Mining-Pixel-32x32-Icons/1 Icons/Icon31_07.png,source-pack,32,32,,,1180,f12bf6c4e5cfe627dc7a101f0d2490a413013f1fc5f65f7911ab735f9a0594e9,unverified / source variant,
assets/icons/new icons/Free-Mining-Pixel-32x32-Icons/1 Icons/Icon31_08.png,source-pack,32,32,,,1292,0d05985e8f3a30225d778a62dd0e4919190a6e2bfa55618287a81016315a471b,unverified / source variant,
assets/icons/new icons/Free-Mining-Pixel-32x32-Icons/1 Icons/Icon31_09.png,source-pack,32,32,,,1236,a04a3ff34924ae8b39fd8d3acfddaff0e5e51f5af0633cab1aca4d9d913fb881,unverified / source variant,
assets/icons/new icons/Free-Mining-Pixel-32x32-Icons/1 Icons/Icon31_10.png,source-pack,32,32,,,1343,a48a87c936bfcb7b6b4fed91c0bd8a5f70c4c2b2a2262ff457e0be58d88ecd7b,unverified / source variant,
assets/icons/new icons/Free-Mining-Pixel-32x32-Icons/1 Icons/Icon31_11.png,source-pack,32,32,,,1404,752a3e5cc81d5757ded1b3a5d336870b5261db58da22441849205d49b8ad39d4,unverified / source variant,
assets/icons/new icons/Free-Mining-Pixel-32x32-Icons/1 Icons/Icon31_12.png,source-pack,32,32,,,1266,643fbfd0cfe046cf8d332e8539031209b7832016ad15f8f75169be0bce235af7,unverified / source variant,
assets/icons/new icons/Free-Mining-Pixel-32x32-Icons/1 Icons/Icon31_13.png,source-pack,32,32,,,1391,229079d5d5b4961c06042469e751d3d48cd50a40ad1dd3ee1731ebc30d2bde9e,unverified / source variant,
assets/icons/new icons/Free-Mining-Pixel-32x32-Icons/1 Icons/Icon31_14.png,source-pack,32,32,,,1257,e4d7dc6dfc96122a7bfcf7460b8f3ed6d4978d010dd30e7406f8052a28e69a6a,unverified / source variant,
assets/icons/new icons/Free-Mining-Pixel-32x32-Icons/1 Icons/Icon31_15.png,source-pack,32,32,,,1290,623768c1e620630ffdd6f29ca19ba97b76a6f9064c59bf84c0ad83255fad3c95,unverified / source variant,
assets/icons/new icons/Free-Mining-Pixel-32x32-Icons/1 Icons/Icon31_16.png,source-pack,32,32,,,1353,59af41b0ebb0b3fa353820a898b0a3425b82b2285c0f401484597656341a43da,unverified / source variant,
assets/icons/new icons/Free-Mining-Pixel-32x32-Icons/1 Icons/Icon31_17.png,source-pack,32,32,,,1417,b6bb9a5e3f5a2a49f0c7c44acbbabbe7abd6c2d83e782f9dbad21a0280f55c1c,unverified / source variant,
assets/icons/new icons/Free-Mining-Pixel-32x32-Icons/1 Icons/Icon31_18.png,source-pack,32,32,,,1228,a66a5920b535fbce9233c8f82b24107efcfca50fd651589c8e28089e64da7fb1,unverified / source variant,
assets/icons/new icons/Free-Mining-Pixel-32x32-Icons/1 Icons/Icon31_19.png,source-pack,32,32,,,1382,b7ff44dc57440c15543f4a54bd4c50113f88e2682894df44e0891b62eda134d3,unverified / source variant,
assets/icons/new icons/Free-Mining-Pixel-32x32-Icons/1 Icons/Icon31_20.png,source-pack,32,32,,,1190,ee5081ee268b95fa6de1c8aed96f6d12b18dcf6f87bc7dc65bba14e501a0bc75,unverified / source variant,
assets/icons/new icons/Free-Mining-Pixel-32x32-Icons/1 Icons/Icon31_21.png,source-pack,32,32,,,1320,1e47d1282e6ef6c0dd748addf8e7a8b7b25ca13052fe1dcf172dac05d8a3a84c,unverified / source variant,
assets/icons/new icons/Free-Mining-Pixel-32x32-Icons/1 Icons/Icon31_22.png,source-pack,32,32,,,1393,0de97c930e0f0bfb4f933643dab80d00dcd75ee2bd8e672770eeca95dcd3ac54,unverified / source variant,
assets/icons/new icons/Free-Mining-Pixel-32x32-Icons/1 Icons/Icon31_23.png,source-pack,32,32,,,1270,88342da0fed9db224c6be10d3ef7cf365e7c703749a1601e303f67728d514a69,unverified / source variant,
assets/icons/new icons/Free-Mining-Pixel-32x32-Icons/1 Icons/Icon31_24.png,source-pack,32,32,,,1333,52354717460bed11858dd8970fa226ab7cd0d5c4752c9fee400925f660b4db40,unverified / source variant,
assets/icons/new icons/Free-Mining-Pixel-32x32-Icons/1 Icons/Icon31_25.png,source-pack,32,32,,,1203,72a7e9688a847e7c64f9c45d89eacca32f963c6cc8b0128534d2343e2fd8417b,unverified / source variant,
assets/icons/new icons/Free-Mining-Pixel-32x32-Icons/1 Icons/Icon31_26.png,source-pack,32,32,,,1383,c3216f31782f39525ac4e7201169e8a95e313029c61caecca05697e4ce4293a3,unverified / source variant,
assets/icons/new icons/Free-Mining-Pixel-32x32-Icons/1 Icons/Icon31_27.png,source-pack,32,32,,,1275,96e9ae69c0f492c28014fcd6fe5a354538d95015beb28e78be181a171e469fc4,unverified / source variant,
assets/icons/new icons/Free-Mining-Pixel-32x32-Icons/1 Icons/Icon31_28.png,source-pack,32,32,,,1316,b23e01d7ccfac33eff9a6f8d787744d3129215c1ea911d5ca9b8686dcf7baa52,unverified / source variant,
assets/icons/new icons/Free-Mining-Pixel-32x32-Icons/1 Icons/Icon31_29.png,source-pack,32,32,,,1271,f939a176e093b63fc78c35c3b2a63bafed8921e119276f566cdde69b02acbdc4,unverified / source variant,
assets/icons/new icons/Free-Mining-Pixel-32x32-Icons/1 Icons/Icon31_30.png,source-pack,32,32,,,1275,9041a9eb7c795695444ffcc2bad9fa5f98f82190dc69e1683cb652771302a923,unverified / source variant,
assets/icons/new icons/Free-Mining-Pixel-32x32-Icons/1 Icons/Icon31_31.png,source-pack,32,32,,,1372,e7af5c3fa29c1cf80caed242b2cb422e2cd5e98ebc86a3c3b4bb57ba1de38f28,unverified / source variant,
assets/icons/new icons/Free-Mining-Pixel-32x32-Icons/1 Icons/Icon31_32.png,source-pack,32,32,,,1312,fdc16f8643773459116c5ed850c6d8d7a895374460a950e6b2abf3583a629a4b,unverified / source variant,
assets/icons/new icons/Free-Mining-Pixel-32x32-Icons/1 Icons/Icon31_33.png,source-pack,32,32,,,1314,85ad83b2c2ea655cb80dad77f19aa625a278a6544481c92e29cebcfc91dfa0b3,unverified / source variant,
assets/icons/new icons/Free-Mining-Pixel-32x32-Icons/1 Icons/Icon31_34.png,source-pack,32,32,,,1239,6c770e971a33df318ed5bdcd4417521f0ebb7a19b4b69d0b0fc9622e6799e8e6,unverified / source variant,
assets/icons/new icons/Free-Mining-Pixel-32x32-Icons/1 Icons/Icon31_35.png,source-pack,32,32,,,1330,c8b76dbaf954efb79428cf892c239d0e8d11267f387cf2a8f559741adf94bf98,unverified / source variant,
assets/icons/new icons/Free-Mining-Pixel-32x32-Icons/1 Icons/Icon31_36.png,source-pack,32,32,,,1308,adb916f4d71ebab6359819aa7e128b5df8eeb94c61d9080f27f6cb651231b9ea,unverified / source variant,
assets/icons/new icons/Free-Mining-Pixel-32x32-Icons/1 Icons/Icon31_37.png,source-pack,32,32,,,1400,3302bc105c260b1dda46aca3c6f9e3f3ec56fd7766fa00728498fee70c454fcf,unverified / source variant,
assets/icons/new icons/Free-Mining-Pixel-32x32-Icons/1 Icons/Icon31_38.png,source-pack,32,32,,,1227,87d3fff964fb612989dffeba9a76e09d5efe1c19777e0aa3c08e5e6005ed9432,unverified / source variant,
assets/icons/new icons/Free-Mining-Pixel-32x32-Icons/1 Icons/Icon31_39.png,source-pack,32,32,,,1333,65fa276ffa1e5bb8c30e61dff9001838a8332031438245b0db9cdbd5d9ad1636,unverified / source variant,
assets/icons/new icons/Free-Mining-Pixel-32x32-Icons/1 Icons/Icon31_40.png,source-pack,32,32,,,1179,9c2e18b43a81dc9865addf956989df38a3a35cc505abf7d25f5e84b307784a79,unverified / source variant,
assets/icons/new icons/Free-Mining-Pixel-32x32-Icons/Coupon by craftpix.pdf.png,source-pack,1840,1148,,,363478,57ff60e963d213d1424350cef6868afb3bed71936f4b631e9e130a125c54ea4c,unverified / source variant,
assets/icons/new icons/Free-Protective-Suit-Against-Radiation-and-Things-Pixel-Art-Icons/1 Icons/Icon10_01.png,source-pack,32,32,,,1296,01c421c12d7fea3e982b298dafb4b6e3be842b5a0e524bbad17e95757943eabf,unverified / source variant,
assets/icons/new icons/Free-Protective-Suit-Against-Radiation-and-Things-Pixel-Art-Icons/1 Icons/Icon10_02.png,source-pack,32,32,,,1382,e9a5a713bc100b7805b4fc1b363b82183e3ab2f92e7f5afe09068f35b6d5e195,unverified / source variant,
assets/icons/new icons/Free-Protective-Suit-Against-Radiation-and-Things-Pixel-Art-Icons/1 Icons/Icon10_03.png,source-pack,32,32,,,1315,a6894d6a5ae0d3a243522f7b347179c23890ad6785ead5dce60326169d457820,unverified / source variant,
assets/icons/new icons/Free-Protective-Suit-Against-Radiation-and-Things-Pixel-Art-Icons/1 Icons/Icon10_04.png,source-pack,32,32,,,1375,0dc1c3fc28b6f3f9d7fb58ac9ff24544daf3fae2ae48249798d6bf5b72c6435a,unverified / source variant,
assets/icons/new icons/Free-Protective-Suit-Against-Radiation-and-Things-Pixel-Art-Icons/1 Icons/Icon10_05.png,source-pack,32,32,,,1292,51789ebf6636fbaec5276b522c8759f4449b7dde105239f19c4076e57b95c53d,unverified / source variant,
assets/icons/new icons/Free-Protective-Suit-Against-Radiation-and-Things-Pixel-Art-Icons/1 Icons/Icon10_06.png,source-pack,32,32,,,1381,85c070e38905f890f9cf62f097087bb402856ea6546f0f5b8eceff10e7e30cf1,unverified / source variant,
assets/icons/new icons/Free-Protective-Suit-Against-Radiation-and-Things-Pixel-Art-Icons/1 Icons/Icon10_07.png,source-pack,32,32,,,1316,238dd671839b8ac610800601ab4012a67c0f5c3263a20b1e2b627c6e0981c607,unverified / source variant,
assets/icons/new icons/Free-Protective-Suit-Against-Radiation-and-Things-Pixel-Art-Icons/1 Icons/Icon10_08.png,source-pack,32,32,,,1289,d9aa7e91cfaddf844f1ff70bed78082790e7cdec8836f97168baac5f9b1cc9b4,unverified / source variant,
assets/icons/new icons/Free-Protective-Suit-Against-Radiation-and-Things-Pixel-Art-Icons/1 Icons/Icon10_09.png,source-pack,32,32,,,1218,821bd8df4315913856a00d7c5773d17b85fe8a729241cafafdb143996f41afda,unverified / source variant,
assets/icons/new icons/Free-Protective-Suit-Against-Radiation-and-Things-Pixel-Art-Icons/1 Icons/Icon10_10.png,source-pack,32,32,,,1356,0fcf95210bdfa9c4f4209528f04370358e54e60b7f566d699e924034e95c250d,unverified / source variant,
assets/icons/new icons/Free-Protective-Suit-Against-Radiation-and-Things-Pixel-Art-Icons/1 Icons/Icon10_11.png,source-pack,32,32,,,1337,7a01df7db4b634b92604cd39ea9f317541c9f88052f0ba44bf1535f07be45adc,unverified / source variant,
assets/icons/new icons/Free-Protective-Suit-Against-Radiation-and-Things-Pixel-Art-Icons/1 Icons/Icon10_12.png,source-pack,32,32,,,1269,9ad03b0a33c2dee115e576a6441fa24307181aa76db96810af3f42398a79ab1f,unverified / source variant,
assets/icons/new icons/Free-Protective-Suit-Against-Radiation-and-Things-Pixel-Art-Icons/1 Icons/Icon10_13.png,source-pack,32,32,,,1409,48c7de01e42893780ba1336937c05df062b787626ea91c9b92c537b893328288,unverified / source variant,
assets/icons/new icons/Free-Protective-Suit-Against-Radiation-and-Things-Pixel-Art-Icons/1 Icons/Icon10_14.png,source-pack,32,32,,,1323,340f1a5cb05c1ace3b8cd4e4b907586d4ff9d094f4503b515c1d97bf226e037d,unverified / source variant,
assets/icons/new icons/Free-Protective-Suit-Against-Radiation-and-Things-Pixel-Art-Icons/1 Icons/Icon10_15.png,source-pack,32,32,,,1306,5ea8568d63cb1de538069fbc585dc0efbfe067d2fead7665c82b4f2009775433,unverified / source variant,
assets/icons/new icons/Free-Protective-Suit-Against-Radiation-and-Things-Pixel-Art-Icons/1 Icons/Icon10_16.png,source-pack,32,32,,,1220,c2aa7b7cacb9c7c3c23d9123b40e26d129534493e646133495d2cfc934784b1c,unverified / source variant,
assets/icons/new icons/Free-Protective-Suit-Against-Radiation-and-Things-Pixel-Art-Icons/1 Icons/Icon10_17.png,source-pack,32,32,,,1382,d969cc587ab21e32c151ef247de7d1d549214486078cb58d47c2134786cbac23,unverified / source variant,
assets/icons/new icons/Free-Protective-Suit-Against-Radiation-and-Things-Pixel-Art-Icons/1 Icons/Icon10_18.png,source-pack,32,32,,,1176,baa186a903d243a7463376248a2f6a0ce4ab5fa834d946377d8d7d7fc6257de8,unverified / source variant,
assets/icons/new icons/Free-Protective-Suit-Against-Radiation-and-Things-Pixel-Art-Icons/1 Icons/Icon10_19.png,source-pack,32,32,,,1348,668cedb7d2748f195634b77ce26246f3ba6012dd8706142b299e8b70f8300e25,unverified / source variant,
assets/icons/new icons/Free-Protective-Suit-Against-Radiation-and-Things-Pixel-Art-Icons/1 Icons/Icon10_20.png,source-pack,32,32,,,1253,23cb7cd86ebedd07e140c1f97b150c55076e953cdeaf426add5132760a1bbba3,unverified / source variant,
assets/icons/new icons/Free-Protective-Suit-Against-Radiation-and-Things-Pixel-Art-Icons/1 Icons/Icon10_21.png,source-pack,32,32,,,1204,b0a6aaea2a6e26f7b54ca03262dec0b10d6c92d324895c749fdf70b99a11a2de,unverified / source variant,
assets/icons/new icons/Free-Protective-Suit-Against-Radiation-and-Things-Pixel-Art-Icons/1 Icons/Icon10_22.png,source-pack,32,32,,,1336,63823cad05405407ac89ca4910e05fce829493916a15c3939bdb8ef18190e6bc,unverified / source variant,
assets/icons/new icons/Free-Protective-Suit-Against-Radiation-and-Things-Pixel-Art-Icons/1 Icons/Icon10_23.png,source-pack,32,32,,,1271,3a0cf331a9e37542663f2fe97fe13d8d57ae8823f83773c3013f3cd53ca8384b,unverified / source variant,
assets/icons/new icons/Free-Protective-Suit-Against-Radiation-and-Things-Pixel-Art-Icons/1 Icons/Icon10_24.png,source-pack,32,32,,,1398,a02ceb7f3c112b0ff1fcf4c3e18d8bcb888bd326740dad39be32303681bb0663,unverified / source variant,
assets/icons/new icons/Free-Protective-Suit-Against-Radiation-and-Things-Pixel-Art-Icons/1 Icons/Icon10_25.png,source-pack,32,32,,,1218,0efee998b823bb810dad92f8f043bbe52de3fd304a8e977fc5002eb750a6f281,unverified / source variant,
assets/icons/new icons/Free-Protective-Suit-Against-Radiation-and-Things-Pixel-Art-Icons/1 Icons/Icon10_26.png,source-pack,32,32,,,1379,a8cb73d4343b9e66d73b294082a9977f35c3407d0aacca5819fa9bec61d5e977,unverified / source variant,
assets/icons/new icons/Free-Protective-Suit-Against-Radiation-and-Things-Pixel-Art-Icons/1 Icons/Icon10_27.png,source-pack,32,32,,,1235,55715020258036fe55a47f970535c8d5dd915ccc489441e7d49ba7a9d3f8617f,unverified / source variant,
assets/icons/new icons/Free-Protective-Suit-Against-Radiation-and-Things-Pixel-Art-Icons/1 Icons/Icon10_28.png,source-pack,32,32,,,1456,c3172f140cbb5684f0a1140a32069fcdc78df69ab595eab3fe0539f56fef056c,unverified / source variant,
assets/icons/new icons/Free-Protective-Suit-Against-Radiation-and-Things-Pixel-Art-Icons/1 Icons/Icon10_29.png,source-pack,32,32,,,1264,be92b6ca5e28ce9ff1841e4929e8dd226cabf2282a4a9d1676a8e69cf144a84d,unverified / source variant,
assets/icons/new icons/Free-Protective-Suit-Against-Radiation-and-Things-Pixel-Art-Icons/1 Icons/Icon10_30.png,source-pack,32,32,,,1315,3a20eab7069ab1c61e1a4e633e6fe63edfbec8782544de6331b88b8136bdef57,unverified / source variant,
assets/icons/new icons/Free-Protective-Suit-Against-Radiation-and-Things-Pixel-Art-Icons/1 Icons/Icon10_31.png,source-pack,32,32,,,1360,81b6480bb506da51ad66bf4def60f199177de8ba44671e4d24d0f6f1d1d462c5,unverified / source variant,
assets/icons/new icons/Free-Protective-Suit-Against-Radiation-and-Things-Pixel-Art-Icons/1 Icons/Icon10_32.png,source-pack,32,32,,,1270,fc2b2f822f8ae0d756dcc5e2fa94b1f3aca2b46b553394d3d745db9b73346b5a,unverified / source variant,
assets/icons/new icons/Free-Protective-Suit-Against-Radiation-and-Things-Pixel-Art-Icons/1 Icons/Icon10_33.png,source-pack,32,32,,,1353,131aef9f607e3100f7297efc7527cd706cb5b5abcce2ee8b50a190fda4c92d4f,unverified / source variant,
assets/icons/new icons/Free-Protective-Suit-Against-Radiation-and-Things-Pixel-Art-Icons/1 Icons/Icon10_34.png,source-pack,32,32,,,1304,a921b23662a7c241e992c4ec24cfdd7b605b469ecbf4a127577e4aa9bdd8e9dd,unverified / source variant,
assets/icons/new icons/Free-Protective-Suit-Against-Radiation-and-Things-Pixel-Art-Icons/1 Icons/Icon10_35.png,source-pack,32,32,,,1284,a5b0e78cbf789aefbdb51f64fe0478ec6c689079ab7ac78ce484f5d503735535,unverified / source variant,
assets/icons/new icons/Free-Protective-Suit-Against-Radiation-and-Things-Pixel-Art-Icons/1 Icons/Icon10_36.png,source-pack,32,32,,,1201,39675c8161c495934ccd69dcf5ab97e5897eea641a6c9c5f338eddd1706befed,unverified / source variant,
assets/icons/new icons/Free-Protective-Suit-Against-Radiation-and-Things-Pixel-Art-Icons/1 Icons/Icon10_37.png,source-pack,32,32,,,1254,c7a1cbe74100757b241746b3ff4027374da6bfc75cf97f51550accff5b7670ec,unverified / source variant,
assets/icons/new icons/Free-Protective-Suit-Against-Radiation-and-Things-Pixel-Art-Icons/1 Icons/Icon10_38.png,source-pack,32,32,,,1192,6a12adfeedd5d0ff84cf47821ecd1234bbf2160ba076c9c898c91ba61d33a8dd,unverified / source variant,
assets/icons/new icons/Free-Protective-Suit-Against-Radiation-and-Things-Pixel-Art-Icons/1 Icons/Icon10_39.png,source-pack,32,32,,,1326,c3d563ebd4b72dc00492dc7a3d66334a5c047cfecfe332900aba6bf96a48472e,unverified / source variant,
assets/icons/new icons/Free-Protective-Suit-Against-Radiation-and-Things-Pixel-Art-Icons/1 Icons/Icon10_40.png,source-pack,32,32,,,1282,b780c6f05350f191e944c0029b767d60f083b8b6b49ae8b21b07353e8e07e5bd,unverified / source variant,
assets/icons/new icons/Free-Protective-Suit-Against-Radiation-and-Things-Pixel-Art-Icons/1 Icons/Iconset10.png,source-pack,320,128,,,8377,06c594c66b07fdd69317da7d2265a357efe372df54e0ef51d2b5c8f658f7396d,unverified / source variant,
assets/icons/new icons/Free-Protective-Suit-Against-Radiation-and-Things-Pixel-Art-Icons/Coupon by craftpix.pdf.png,source-pack,1840,1148,,,363478,57ff60e963d213d1424350cef6868afb3bed71936f4b631e9e130a125c54ea4c,unverified / source variant,
assets/icons/new icons/Free-Skill-32x32-Icons-for-Cyberpunk-Game/1 Icons/1/Skillicon1_01.png,source-pack,32,32,,,201,e4282eec806636a9899b7bcfbb46de7faf38dc259bd181099793de8434a45fab,unverified / source variant,
assets/icons/new icons/Free-Skill-32x32-Icons-for-Cyberpunk-Game/1 Icons/1/Skillicon1_02.png,source-pack,32,32,,,201,cc731146bce782a196e38ff94d5e6ffae47003583b31160f1a34c4985bf048db,unverified / source variant,
assets/icons/new icons/Free-Skill-32x32-Icons-for-Cyberpunk-Game/1 Icons/1/Skillicon1_03.png,source-pack,32,32,,,233,3500b95116d2fc29e5980239932a9ef63b022a11bf7d3dc67a0c4c404be94140,unverified / source variant,
assets/icons/new icons/Free-Skill-32x32-Icons-for-Cyberpunk-Game/1 Icons/1/Skillicon1_04.png,source-pack,32,32,,,225,f9091283c2f5ccc380cd427ebaafc69c3c10a443f65c257252c350e1af15791c,unverified / source variant,
assets/icons/new icons/Free-Skill-32x32-Icons-for-Cyberpunk-Game/1 Icons/1/Skillicon1_05.png,source-pack,32,32,,,221,e73f0ed0bbddf7aaaa61768cbf99ac066344ec18270b10a627bfee4504e57b46,unverified / source variant,
assets/icons/new icons/Free-Skill-32x32-Icons-for-Cyberpunk-Game/1 Icons/1/Skillicon1_06.png,source-pack,32,32,,,230,07cf88f0b70030988a8f32cb9cb0ab6541fbf735367760521b11094897d2c288,unverified / source variant,
assets/icons/new icons/Free-Skill-32x32-Icons-for-Cyberpunk-Game/1 Icons/1/Skillicon1_07.png,source-pack,32,32,,,236,76de95babe296cfa7979aa02a4c0122f58af930ceb739e4b1ca94a32791263b2,unverified / source variant,
assets/icons/new icons/Free-Skill-32x32-Icons-for-Cyberpunk-Game/1 Icons/1/Skillicon1_08.png,source-pack,32,32,,,195,dfca229b65bab56b3998fd63ce1d4b4e54764066a78cd92fd1ceac8a49a26392,unverified / source variant,
assets/icons/new icons/Free-Skill-32x32-Icons-for-Cyberpunk-Game/1 Icons/1/Skillicon1_09.png,source-pack,32,32,,,207,c858f88593337774000368047251f9c9bf6a05997012bd12f7db657e8cf72542,unverified / source variant,
assets/icons/new icons/Free-Skill-32x32-Icons-for-Cyberpunk-Game/1 Icons/1/Skillicon1_10.png,source-pack,32,32,,,174,dbf78383c977fd5b17ea6806a514e18e65121c248b3355d1fda8c21fd0823cba,unverified / source variant,
assets/icons/new icons/Free-Skill-32x32-Icons-for-Cyberpunk-Game/1 Icons/1/Skillicon1_11.png,source-pack,32,32,,,165,90876a2296e1bfa7e8949ab39a96729d4ff28473b64232486cf3994381ab6cc8,unverified / source variant,
assets/icons/new icons/Free-Skill-32x32-Icons-for-Cyberpunk-Game/1 Icons/1/Skillicon1_12.png,source-pack,32,32,,,257,a304af5f850696c65b510b75f2de9b39af592f542b69dd8286084e27f75e02a5,unverified / source variant,
assets/icons/new icons/Free-Skill-32x32-Icons-for-Cyberpunk-Game/1 Icons/1/Skillicon1_13.png,source-pack,32,32,,,228,20eae38de2b81ea735702e6331b9115e13be049b49bd267e15ea2a80078d4488,unverified / source variant,
assets/icons/new icons/Free-Skill-32x32-Icons-for-Cyberpunk-Game/1 Icons/1/Skillicon1_14.png,source-pack,32,32,,,205,766fed08d567ffb9899d29ccf4eae3f4d91931a7af1158765107a84fba4a9a25,unverified / source variant,
assets/icons/new icons/Free-Skill-32x32-Icons-for-Cyberpunk-Game/1 Icons/1/Skillicon1_15.png,source-pack,32,32,,,224,a702f7195a409f02b32f8ee942bbc194ff761d5b1898e43a8199d0a25f9fced7,unverified / source variant,
assets/icons/new icons/Free-Skill-32x32-Icons-for-Cyberpunk-Game/1 Icons/1/Skillicon1_16.png,source-pack,32,32,,,219,c565ca191f9529429b6be585dc78995e74d703f9c613b28ad4d5a22b65462fdc,unverified / source variant,
assets/icons/new icons/Free-Skill-32x32-Icons-for-Cyberpunk-Game/1 Icons/1/Skillicon1_17.png,source-pack,32,32,,,223,240d30d26b856a6851d5733385efc1b00f61bec03b4a04643370e9056b6a900f,unverified / source variant,
assets/icons/new icons/Free-Skill-32x32-Icons-for-Cyberpunk-Game/1 Icons/1/Skillicon1_18.png,source-pack,32,32,,,249,7f381508eefbb4aef6e818b9836da37a49d10067c1f660315a31cdec32f7fe79,unverified / source variant,
assets/icons/new icons/Free-Skill-32x32-Icons-for-Cyberpunk-Game/1 Icons/1/Skillicon1_19.png,source-pack,32,32,,,230,be668abf11eaf71c37f06a0bf43d732d164f32473bf6e0b06fa5a355d32bb454,unverified / source variant,
assets/icons/new icons/Free-Skill-32x32-Icons-for-Cyberpunk-Game/1 Icons/1/Skillicon1_20.png,source-pack,32,32,,,251,93bfb572a2f7ea3814faa066973543ead9f386e9cb0332401e3703123f790f90,unverified / source variant,
assets/icons/new icons/Free-Skill-32x32-Icons-for-Cyberpunk-Game/1 Icons/1/Skillicon1_21.png,source-pack,32,32,,,236,683fc451864e5f6278a9c2a4a4f2ceabd084b647151c7bc516a9e38c4dc3ded9,unverified / source variant,
assets/icons/new icons/Free-Skill-32x32-Icons-for-Cyberpunk-Game/1 Icons/1/Skillicon1_22.png,source-pack,32,32,,,246,ef5bfd9136fd8077ffa2423a047e4c249ecce3d88c77f848cd8acf99d8123820,unverified / source variant,
assets/icons/new icons/Free-Skill-32x32-Icons-for-Cyberpunk-Game/1 Icons/1/Skillicon1_23.png,source-pack,32,32,,,233,f30ceff948a8df73a90da35da33abfca23bb120a88ab155469e450b6cca2ff5b,unverified / source variant,
assets/icons/new icons/Free-Skill-32x32-Icons-for-Cyberpunk-Game/1 Icons/1/Skillicon1_24.png,source-pack,32,32,,,221,bb581333f675aef1e442f2ae0e17efccf7f56aeb9da3aa67ff2fb0c8c499926c,unverified / source variant,
assets/icons/new icons/Free-Skill-32x32-Icons-for-Cyberpunk-Game/1 Icons/1/Skillicon1_25.png,source-pack,32,32,,,226,efd2dd1a528161bcc1dbc39fef1ce3dd7b6e1f14bb88115994cc4589c6119010,unverified / source variant,
assets/icons/new icons/Free-Skill-32x32-Icons-for-Cyberpunk-Game/1 Icons/1/Skillicon1_26.png,source-pack,32,32,,,228,c99dce29fca289e626046c2a3b00fbbf9728cebf7c0193f8b1c2c33954356a2d,unverified / source variant,
assets/icons/new icons/Free-Skill-32x32-Icons-for-Cyberpunk-Game/1 Icons/1/Skillicon1_27.png,source-pack,32,32,,,229,4d498aff3b6210dd49ede2c9f1009358a52e66e3769cf69d0bcc5e08f1dec7fb,unverified / source variant,
assets/icons/new icons/Free-Skill-32x32-Icons-for-Cyberpunk-Game/1 Icons/1/Skillicon1_28.png,source-pack,32,32,,,208,56e828a01d80ed541da477b9bf66bb16c0a6d7698f8698a7a4bc7600e497efc4,unverified / source variant,
assets/icons/new icons/Free-Skill-32x32-Icons-for-Cyberpunk-Game/1 Icons/1/Skillicon1_29.png,source-pack,32,32,,,240,e7b1f2a01d741acfd0243a210ed44708bab1d5f89b9a2f1d3e6bc63e7defa791,unverified / source variant,
assets/icons/new icons/Free-Skill-32x32-Icons-for-Cyberpunk-Game/1 Icons/1/Skillicon1_30.png,source-pack,32,32,,,186,7fe6d17b3dab9918e54ddf53e1eb14f1aa91c0b43a5e6059566b61062e61df98,unverified / source variant,
assets/icons/new icons/Free-Skill-32x32-Icons-for-Cyberpunk-Game/1 Icons/1/Skillicon1_31.png,source-pack,32,32,,,246,b534b38638986174ddfc64188bdc711832eed7c8dbb8a23053d965ba3efdac65,unverified / source variant,
assets/icons/new icons/Free-Skill-32x32-Icons-for-Cyberpunk-Game/1 Icons/1/Skillicon1_32.png,source-pack,32,32,,,221,a733a0b0608764eb30993ac3b93f17b900776f595143e95ede556a10fb15f8cd,unverified / source variant,
assets/icons/new icons/Free-Skill-32x32-Icons-for-Cyberpunk-Game/1 Icons/1/Skillicon1_33.png,source-pack,32,32,,,196,c76ab4625331a1dce62378de816ba6e3e02b705389cf5e9026decbe75e7f8ace,unverified / source variant,
assets/icons/new icons/Free-Skill-32x32-Icons-for-Cyberpunk-Game/1 Icons/1/Skillicon1_34.png,source-pack,32,32,,,249,0ada028419af9cc51fddf0bfde12611c2e9aaec7545039bef629577f86d1d73e,unverified / source variant,
assets/icons/new icons/Free-Skill-32x32-Icons-for-Cyberpunk-Game/1 Icons/1/Skillicon1_35.png,source-pack,32,32,,,208,dcd2f761954433a84e79b96a82684582ff4d7f407ba133dc9d9f0b9bbfffea82,unverified / source variant,
assets/icons/new icons/Free-Skill-32x32-Icons-for-Cyberpunk-Game/1 Icons/1/Skillicon1_36.png,source-pack,32,32,,,222,147709c4790e70397bb90aa712739f65608558800dcc6e0d3f1e30ecc658909c,unverified / source variant,
assets/icons/new icons/Free-Skill-32x32-Icons-for-Cyberpunk-Game/1 Icons/1/Skillicon1_37.png,source-pack,32,32,,,217,a74ab218cfe58c272d9864403039473f5b784929540deb4adb94ba05ceed9031,unverified / source variant,
assets/icons/new icons/Free-Skill-32x32-Icons-for-Cyberpunk-Game/1 Icons/1/Skillicon1_38.png,source-pack,32,32,,,215,c5bdbc66752e0f67f877eef3c795ffa475d82b447f9145ff346b1081157e8e5c,unverified / source variant,
assets/icons/new icons/Free-Skill-32x32-Icons-for-Cyberpunk-Game/1 Icons/1/Skillicon1_39.png,source-pack,32,32,,,219,c4bc676c7017c56d9550cc5c76c241765dc6a5c199f985753350ad8eb2bdf9a8,unverified / source variant,
assets/icons/new icons/Free-Skill-32x32-Icons-for-Cyberpunk-Game/1 Icons/1/Skillicon1_40.png,source-pack,32,32,,,221,3d3f41773af89c113301de8f0348117793065d67f48926e6380f029e82d5e63c,unverified / source variant,
assets/icons/new icons/Free-Skill-32x32-Icons-for-Cyberpunk-Game/1 Icons/10/Skillicon10_01.png,source-pack,32,32,,,201,5eaa7decb918725cf2d028f68a9a1a053a807be94e443a43e17485164348235a,unverified / source variant,
assets/icons/new icons/Free-Skill-32x32-Icons-for-Cyberpunk-Game/1 Icons/10/Skillicon10_02.png,source-pack,32,32,,,201,37cc9b923ebdbdba8afb0c08e9bd9567d7ddee802ce052b74c0ba664c1940899,unverified / source variant,
assets/icons/new icons/Free-Skill-32x32-Icons-for-Cyberpunk-Game/1 Icons/10/Skillicon10_03.png,source-pack,32,32,,,233,ba3859042415ae8d8229fd8bd1eee87f04852ae0410fc648db3e12e6754e752a,unverified / source variant,
assets/icons/new icons/Free-Skill-32x32-Icons-for-Cyberpunk-Game/1 Icons/10/Skillicon10_04.png,source-pack,32,32,,,225,0fd36a233f73f8c40844e5898e6bc396bef40fb6b82f59a11c68dbf372d556f6,unverified / source variant,
assets/icons/new icons/Free-Skill-32x32-Icons-for-Cyberpunk-Game/1 Icons/10/Skillicon10_05.png,source-pack,32,32,,,221,160357fe76be7b1d5a1c7e03c8a0f10e1a3d6f16810b95c75aeb4df80622eeec,unverified / source variant,
assets/icons/new icons/Free-Skill-32x32-Icons-for-Cyberpunk-Game/1 Icons/10/Skillicon10_06.png,source-pack,32,32,,,230,ac87f7c8b25e01556710b32852a101e71e1d7cf971eb8b151dd45cb3d0da02ef,unverified / source variant,
assets/icons/new icons/Free-Skill-32x32-Icons-for-Cyberpunk-Game/1 Icons/10/Skillicon10_07.png,source-pack,32,32,,,236,348efb7d66be440ff4f8227d236a06e0c1311adc999915d1d20d8f378c9b3a00,unverified / source variant,
assets/icons/new icons/Free-Skill-32x32-Icons-for-Cyberpunk-Game/1 Icons/10/Skillicon10_08.png,source-pack,32,32,,,195,56ebb2d44902bd868fd4f3eeb0673f37c9024dad743f75f925fea823b013922d,unverified / source variant,
assets/icons/new icons/Free-Skill-32x32-Icons-for-Cyberpunk-Game/1 Icons/10/Skillicon10_09.png,source-pack,32,32,,,207,34fef7360ac6666c9699ab7d11534357f062d56792a6ae1e4b75bcf0e45e200c,unverified / source variant,
assets/icons/new icons/Free-Skill-32x32-Icons-for-Cyberpunk-Game/1 Icons/10/Skillicon10_10.png,source-pack,32,32,,,174,9aa90f98b353199cb6e06d46f212ac22feb2d95ea6688805f88f1925a8d968cc,unverified / source variant,
assets/icons/new icons/Free-Skill-32x32-Icons-for-Cyberpunk-Game/1 Icons/10/Skillicon10_11.png,source-pack,32,32,,,165,ba37e42635d5b69d5ada376def2eda29ba57af8f5cb120df2ca35d7165832cd0,unverified / source variant,
assets/icons/new icons/Free-Skill-32x32-Icons-for-Cyberpunk-Game/1 Icons/10/Skillicon10_12.png,source-pack,32,32,,,257,54ddbafc486e1744ed874fa9d7ecf121049b238ed3e26f30c12dad6a44d68c8e,unverified / source variant,
assets/icons/new icons/Free-Skill-32x32-Icons-for-Cyberpunk-Game/1 Icons/10/Skillicon10_13.png,source-pack,32,32,,,228,d8bb868c541d96e5d82a7c7e4ccc844b55dbfd8e63cb1b7648b9d2f306ec67b7,unverified / source variant,
assets/icons/new icons/Free-Skill-32x32-Icons-for-Cyberpunk-Game/1 Icons/10/Skillicon10_14.png,source-pack,32,32,,,205,8d35ae709f3af2910834d20e39a0acb5c03dc4ea8ee634e19ab437562d5646d0,unverified / source variant,
assets/icons/new icons/Free-Skill-32x32-Icons-for-Cyberpunk-Game/1 Icons/10/Skillicon10_15.png,source-pack,32,32,,,224,7f81c4c418e6bbda1c052415b748f0df1b722365a1eddd7a1c16bc1dff3b03a8,unverified / source variant,
assets/icons/new icons/Free-Skill-32x32-Icons-for-Cyberpunk-Game/1 Icons/10/Skillicon10_16.png,source-pack,32,32,,,219,66190070c78d2bf5b669c5d155d5148231b02d1c7230a1bde845ffb262078562,unverified / source variant,
assets/icons/new icons/Free-Skill-32x32-Icons-for-Cyberpunk-Game/1 Icons/10/Skillicon10_17.png,source-pack,32,32,,,223,7ef1ac8c6220754d7d79ea25389e68ddfef3da8a82dffca302552d3090145c00,unverified / source variant,
assets/icons/new icons/Free-Skill-32x32-Icons-for-Cyberpunk-Game/1 Icons/10/Skillicon10_18.png,source-pack,32,32,,,249,b09063f0fa42301e8cf95595b852183da081eae68826c18cd7a64ad2f3046572,unverified / source variant,
assets/icons/new icons/Free-Skill-32x32-Icons-for-Cyberpunk-Game/1 Icons/10/Skillicon10_19.png,source-pack,32,32,,,230,b72b76ed3eba6026a9e1de9542a0ec99ac53d150fe0434de93c296f1cb6d2eef,unverified / source variant,
assets/icons/new icons/Free-Skill-32x32-Icons-for-Cyberpunk-Game/1 Icons/10/Skillicon10_20.png,source-pack,32,32,,,251,930f9b14a0c0c117c1ba7cf094e6e9a553d3c7bb59ea0b579c69de5b8d9ac7a1,unverified / source variant,
assets/icons/new icons/Free-Skill-32x32-Icons-for-Cyberpunk-Game/1 Icons/10/Skillicon10_21.png,source-pack,32,32,,,236,d5239e0f5eed3316389cdec763822ebe78789876f4bc7b82a1b8372845c0cc68,unverified / source variant,
assets/icons/new icons/Free-Skill-32x32-Icons-for-Cyberpunk-Game/1 Icons/10/Skillicon10_22.png,source-pack,32,32,,,246,c0186012df4b7af1ed24f8d8f5a30d6ee4bb120181e8825a766639e958964203,unverified / source variant,
assets/icons/new icons/Free-Skill-32x32-Icons-for-Cyberpunk-Game/1 Icons/10/Skillicon10_23.png,source-pack,32,32,,,233,f449de645c9c5e4818c8548fc9b42b3d22d7e5aa9001939e25c818338232281d,unverified / source variant,
assets/icons/new icons/Free-Skill-32x32-Icons-for-Cyberpunk-Game/1 Icons/10/Skillicon10_24.png,source-pack,32,32,,,221,adbe2716599c9844df23e2bdbc9c987e71b889b48e0ebd07caedd21fb29ca412,unverified / source variant,
assets/icons/new icons/Free-Skill-32x32-Icons-for-Cyberpunk-Game/1 Icons/10/Skillicon10_25.png,source-pack,32,32,,,226,14b3977a5b5e85dad588953ca297f1a688fb784c07dc2d454d102430ce43b8dd,unverified / source variant,
assets/icons/new icons/Free-Skill-32x32-Icons-for-Cyberpunk-Game/1 Icons/10/Skillicon10_26.png,source-pack,32,32,,,228,91f9d4768ee654527b2d85020c52b462bed434dabba8f9a5cb6aee3753ca0b1f,unverified / source variant,
assets/icons/new icons/Free-Skill-32x32-Icons-for-Cyberpunk-Game/1 Icons/10/Skillicon10_27.png,source-pack,32,32,,,229,bbb61aa56dc9ee8fb2683109399ad13206544af4678663a02f512f85d04fef88,unverified / source variant,
assets/icons/new icons/Free-Skill-32x32-Icons-for-Cyberpunk-Game/1 Icons/10/Skillicon10_28.png,source-pack,32,32,,,208,4c095334e7cf9e5e204f0acee829cef9d2a727cdad6789c67cef6e0023b5c4f4,unverified / source variant,
assets/icons/new icons/Free-Skill-32x32-Icons-for-Cyberpunk-Game/1 Icons/10/Skillicon10_29.png,source-pack,32,32,,,240,c39094181ef4b66e3544bb13ecfd2f15ae803d915d6ada2bb6ece1e96e22e16d,unverified / source variant,
assets/icons/new icons/Free-Skill-32x32-Icons-for-Cyberpunk-Game/1 Icons/10/Skillicon10_30.png,source-pack,32,32,,,186,bf99e0581e0e96af8082cd70e49d79bb5b7bf02205a8d35850780443ec600a40,unverified / source variant,
assets/icons/new icons/Free-Skill-32x32-Icons-for-Cyberpunk-Game/1 Icons/10/Skillicon10_31.png,source-pack,32,32,,,246,84d13f238b1c8e0204af48a7504ebb5728eb296f94d018d4f3fa42883c58f608,unverified / source variant,
assets/icons/new icons/Free-Skill-32x32-Icons-for-Cyberpunk-Game/1 Icons/10/Skillicon10_32.png,source-pack,32,32,,,221,9706f7695c064d58efc4dc63378d4e37f9b4d8300f0ef438c0ac30fdae631620,unverified / source variant,
assets/icons/new icons/Free-Skill-32x32-Icons-for-Cyberpunk-Game/1 Icons/10/Skillicon10_33.png,source-pack,32,32,,,196,b028d8466b3a10a736f386a13c57dbf7ac4ff3adddb38ce9daa6264c2e1f71ab,unverified / source variant,
assets/icons/new icons/Free-Skill-32x32-Icons-for-Cyberpunk-Game/1 Icons/10/Skillicon10_34.png,source-pack,32,32,,,249,be3ee9534485f4850261fc5b00be52f6df4db75611ccfd0f87d05e2e01c8fb19,unverified / source variant,
assets/icons/new icons/Free-Skill-32x32-Icons-for-Cyberpunk-Game/1 Icons/10/Skillicon10_35.png,source-pack,32,32,,,208,202e5f1e512a9be5d93fa21e599ee6328d9fa9d55421d572b33ffba2960f6a71,unverified / source variant,
assets/icons/new icons/Free-Skill-32x32-Icons-for-Cyberpunk-Game/1 Icons/10/Skillicon10_36.png,source-pack,32,32,,,222,5b3d4b0bb300df132f5c51f2abf7ca9417c1fa55d60177c1d4a2a5d982bbd275,unverified / source variant,
assets/icons/new icons/Free-Skill-32x32-Icons-for-Cyberpunk-Game/1 Icons/10/Skillicon10_37.png,source-pack,32,32,,,217,c535541db3d8acde60c8a41083086752fe58c7c4a0e32ac4fc6790c9084c3f62,unverified / source variant,
assets/icons/new icons/Free-Skill-32x32-Icons-for-Cyberpunk-Game/1 Icons/10/Skillicon10_38.png,source-pack,32,32,,,215,cfb6681dfc2edebc91c6a1b819dbef88b21eca147b19a6a548b2a59643e5d1b0,unverified / source variant,
assets/icons/new icons/Free-Skill-32x32-Icons-for-Cyberpunk-Game/1 Icons/10/Skillicon10_39.png,source-pack,32,32,,,219,63b5948d22a77dc0ce1a0bd85780601208ca23201db463f1f1c6d85514a68842,unverified / source variant,
assets/icons/new icons/Free-Skill-32x32-Icons-for-Cyberpunk-Game/1 Icons/10/Skillicon10_40.png,source-pack,32,32,,,221,1e4655738e717ebb917d7bf58034147fc993e4ca15b062abf9360da2bd0d7004,unverified / source variant,
assets/icons/new icons/Free-Skill-32x32-Icons-for-Cyberpunk-Game/1 Icons/11/Skillicon11_01.png,source-pack,32,32,,,201,96b2b45389daf196af1ef4a2104474ec6de95ea798786e1338ba3efeaa885abf,unverified / source variant,
assets/icons/new icons/Free-Skill-32x32-Icons-for-Cyberpunk-Game/1 Icons/11/Skillicon11_02.png,source-pack,32,32,,,201,cc91a98fb1c3356ad8e1f9760fd864aff873316ebfb130a83e97fa44c90b778b,unverified / source variant,
assets/icons/new icons/Free-Skill-32x32-Icons-for-Cyberpunk-Game/1 Icons/11/Skillicon11_03.png,source-pack,32,32,,,233,7299c8099d07b950efa4e7ab2ae69da9769e59a6e72e8eed3ba35e266da1d1ac,unverified / source variant,
assets/icons/new icons/Free-Skill-32x32-Icons-for-Cyberpunk-Game/1 Icons/11/Skillicon11_04.png,source-pack,32,32,,,225,07090c711b55b67fcea62dff583bc90a6b0b591b473528a1cdc696d7354ad74e,unverified / source variant,
assets/icons/new icons/Free-Skill-32x32-Icons-for-Cyberpunk-Game/1 Icons/11/Skillicon11_05.png,source-pack,32,32,,,221,966a476fe34073071a4a7cae44eff223b870c324e207040ea0be7d14db6b7c84,unverified / source variant,
assets/icons/new icons/Free-Skill-32x32-Icons-for-Cyberpunk-Game/1 Icons/11/Skillicon11_06.png,source-pack,32,32,,,230,770e4d0fb7327fa132a2ddc9980adb43f75ac429e56478b6ff5276e907ebaefe,unverified / source variant,
assets/icons/new icons/Free-Skill-32x32-Icons-for-Cyberpunk-Game/1 Icons/11/Skillicon11_07.png,source-pack,32,32,,,236,3b2263a94e66dd55fdd8e0d53cc594061a6800ad9a16408fc6f2855a8063edb6,unverified / source variant,
assets/icons/new icons/Free-Skill-32x32-Icons-for-Cyberpunk-Game/1 Icons/11/Skillicon11_08.png,source-pack,32,32,,,195,581ce56a1a7ca54c5238ab0e62b922a250983dc87bb67a85a8b6134d36a7e69c,unverified / source variant,
assets/icons/new icons/Free-Skill-32x32-Icons-for-Cyberpunk-Game/1 Icons/11/Skillicon11_09.png,source-pack,32,32,,,207,0af329c17243a1dff16c0f9a0d010a2aecfad8cc62c279389937d0001a195757,unverified / source variant,
assets/icons/new icons/Free-Skill-32x32-Icons-for-Cyberpunk-Game/1 Icons/11/Skillicon11_10.png,source-pack,32,32,,,174,142e77b7102c52d7e575589659702211e5334154ae639040378df63343f3972d,unverified / source variant,
assets/icons/new icons/Free-Skill-32x32-Icons-for-Cyberpunk-Game/1 Icons/11/Skillicon11_11.png,source-pack,32,32,,,165,254aef145d787ceb65b0ad94b39e2a44fbe65a59ac1f9823b4e47fd876d05b93,unverified / source variant,
assets/icons/new icons/Free-Skill-32x32-Icons-for-Cyberpunk-Game/1 Icons/11/Skillicon11_12.png,source-pack,32,32,,,257,158679e452093dad9a1f3af1875e91daf3ee92c7344d2ff27a8c8b66bd3f8c3c,unverified / source variant,
assets/icons/new icons/Free-Skill-32x32-Icons-for-Cyberpunk-Game/1 Icons/11/Skillicon11_13.png,source-pack,32,32,,,228,74808cab16d239e5e31e905150d3d69ddf54163f3ad0c0a9a66662e2b7c8aa09,unverified / source variant,
assets/icons/new icons/Free-Skill-32x32-Icons-for-Cyberpunk-Game/1 Icons/11/Skillicon11_14.png,source-pack,32,32,,,205,27f1061a32f46023744c346e42bec77302c2c28f62077d82a3a0d3733b3aa7f2,unverified / source variant,
assets/icons/new icons/Free-Skill-32x32-Icons-for-Cyberpunk-Game/1 Icons/11/Skillicon11_15.png,source-pack,32,32,,,224,d8eb49323f9ed6d23789e481c3bc4f4be238ddead906b51c5ca5f747dc551742,unverified / source variant,
assets/icons/new icons/Free-Skill-32x32-Icons-for-Cyberpunk-Game/1 Icons/11/Skillicon11_16.png,source-pack,32,32,,,219,538c4779af333c1b66f156bc963bfffd35eafe89adad22ef850c821dc6c2f273,unverified / source variant,
assets/icons/new icons/Free-Skill-32x32-Icons-for-Cyberpunk-Game/1 Icons/11/Skillicon11_17.png,source-pack,32,32,,,223,e9eb5f540b3a88fab51f417193dbe4b2cdb6a637fdf873010ac5e2360420d419,unverified / source variant,
assets/icons/new icons/Free-Skill-32x32-Icons-for-Cyberpunk-Game/1 Icons/11/Skillicon11_18.png,source-pack,32,32,,,249,d8245a3d7630c7fdd4d617bc5013690931831b4da66b86f5bb8ccfb7d22d6389,unverified / source variant,
assets/icons/new icons/Free-Skill-32x32-Icons-for-Cyberpunk-Game/1 Icons/11/Skillicon11_19.png,source-pack,32,32,,,230,41211d57c6db108dd1295817f1355a4911574a107aa80cfe3aa1db69665ff02c,unverified / source variant,
assets/icons/new icons/Free-Skill-32x32-Icons-for-Cyberpunk-Game/1 Icons/11/Skillicon11_20.png,source-pack,32,32,,,251,c1500c163d30352cf4e7a942039c5d0f5e4afb1fef27a1058acaa6072ef98215,unverified / source variant,
assets/icons/new icons/Free-Skill-32x32-Icons-for-Cyberpunk-Game/1 Icons/11/Skillicon11_21.png,source-pack,32,32,,,236,70055e14151c0b09ca8e12d44f1608d4daa1ed093971e13341fb4f1a1f69c262,unverified / source variant,
assets/icons/new icons/Free-Skill-32x32-Icons-for-Cyberpunk-Game/1 Icons/11/Skillicon11_22.png,source-pack,32,32,,,246,6a2a5165e197f5f345637964a9f6985a248a00395e5faa167bcbed84b1b0d8f3,unverified / source variant,
assets/icons/new icons/Free-Skill-32x32-Icons-for-Cyberpunk-Game/1 Icons/11/Skillicon11_23.png,source-pack,32,32,,,233,7327b37351b22cde2e95b762ea6f6dc796bebb1332cd8a382a46e946114a138b,unverified / source variant,
assets/icons/new icons/Free-Skill-32x32-Icons-for-Cyberpunk-Game/1 Icons/11/Skillicon11_24.png,source-pack,32,32,,,221,cbe452789622e96eaa78123d149b6ef3ade2f36c0561c3fcb9cdcbe8a7f0a974,unverified / source variant,
assets/icons/new icons/Free-Skill-32x32-Icons-for-Cyberpunk-Game/1 Icons/11/Skillicon11_25.png,source-pack,32,32,,,226,c17575443db81e6bcf7e2c041b24a5a1acf5b693cae0ee17b2220dff575d42b5,unverified / source variant,
assets/icons/new icons/Free-Skill-32x32-Icons-for-Cyberpunk-Game/1 Icons/11/Skillicon11_26.png,source-pack,32,32,,,228,7f9d78f6c456d595b314ddbf87a99c9968517a93b4f4d4eaabb5bdd2caabdf8e,unverified / source variant,
assets/icons/new icons/Free-Skill-32x32-Icons-for-Cyberpunk-Game/1 Icons/11/Skillicon11_27.png,source-pack,32,32,,,229,6cf4cda729d424e0d9b86b462f17ecb99cb227d4314487ea31fc2fd0d37a15c1,unverified / source variant,
assets/icons/new icons/Free-Skill-32x32-Icons-for-Cyberpunk-Game/1 Icons/11/Skillicon11_28.png,source-pack,32,32,,,208,3a291072d867cabbd3bf4a7d74b04195a2347b421098d78953476219a07411a8,unverified / source variant,
assets/icons/new icons/Free-Skill-32x32-Icons-for-Cyberpunk-Game/1 Icons/11/Skillicon11_29.png,source-pack,32,32,,,240,4f8aa71da89b2ad10e0c605b9a202805f1b38cce0b4e94951a700d7bdb2315f3,unverified / source variant,
assets/icons/new icons/Free-Skill-32x32-Icons-for-Cyberpunk-Game/1 Icons/11/Skillicon11_30.png,source-pack,32,32,,,186,9087f154e48638c764a59bdb02ef0b8d9f79d51f5a9776cfc1360ce29c71aa35,unverified / source variant,
assets/icons/new icons/Free-Skill-32x32-Icons-for-Cyberpunk-Game/1 Icons/11/Skillicon11_31.png,source-pack,32,32,,,246,16b455143f7e9828af4bef832f56560d5db97255381ceeb63d92838804ecddfc,unverified / source variant,
assets/icons/new icons/Free-Skill-32x32-Icons-for-Cyberpunk-Game/1 Icons/11/Skillicon11_32.png,source-pack,32,32,,,221,fbf05930241d201f10b95f1e8213abd3846c729ca3c1ffa76804b483d1a79380,unverified / source variant,
assets/icons/new icons/Free-Skill-32x32-Icons-for-Cyberpunk-Game/1 Icons/11/Skillicon11_33.png,source-pack,32,32,,,196,0a7f1eefa1c38327db1f3c9d3b7e255bec3572d82d059fea43637ba56367ecd3,unverified / source variant,
assets/icons/new icons/Free-Skill-32x32-Icons-for-Cyberpunk-Game/1 Icons/11/Skillicon11_34.png,source-pack,32,32,,,249,f65c6fa76c1190dedae3f13911c552a80e3472273fc244f4804e9b050592cd06,unverified / source variant,
assets/icons/new icons/Free-Skill-32x32-Icons-for-Cyberpunk-Game/1 Icons/11/Skillicon11_35.png,source-pack,32,32,,,208,7a6289a312cb8ae42fed19af5c315ba8f2e9c161f49094a808f675ea7e0c8bd0,unverified / source variant,
assets/icons/new icons/Free-Skill-32x32-Icons-for-Cyberpunk-Game/1 Icons/11/Skillicon11_36.png,source-pack,32,32,,,222,8a495c7245925c39d12e440df81c161610ab49632a5fd1e15254072c6ae4f383,unverified / source variant,
assets/icons/new icons/Free-Skill-32x32-Icons-for-Cyberpunk-Game/1 Icons/11/Skillicon11_37.png,source-pack,32,32,,,217,f4f46f7152181c1358f8a174bc901bf561af5caf914f277e9d39801813c66f49,unverified / source variant,
assets/icons/new icons/Free-Skill-32x32-Icons-for-Cyberpunk-Game/1 Icons/11/Skillicon11_38.png,source-pack,32,32,,,215,29f51a87bb64e29e644a5d92f05079298fc93256329aafed42d9a09296a32286,unverified / source variant,
assets/icons/new icons/Free-Skill-32x32-Icons-for-Cyberpunk-Game/1 Icons/11/Skillicon11_39.png,source-pack,32,32,,,219,78174710d9ba01d48e4a1576ca181a61e50aad032022419934cca5c3f994430f,unverified / source variant,
assets/icons/new icons/Free-Skill-32x32-Icons-for-Cyberpunk-Game/1 Icons/11/Skillicon11_40.png,source-pack,32,32,,,221,3b0c1f36a7f9bdd57ecd86a6ab1f3a1baafd6d8d355d2b5c7916bfcfba62aff8,unverified / source variant,
assets/icons/new icons/Free-Skill-32x32-Icons-for-Cyberpunk-Game/1 Icons/12/Skillicon12_01.png,source-pack,32,32,,,201,b35403eb14e0bfedb3e71f08c05b256cf99681ead306a0a4d462e00463210ac6,unverified / source variant,
assets/icons/new icons/Free-Skill-32x32-Icons-for-Cyberpunk-Game/1 Icons/12/Skillicon12_02.png,source-pack,32,32,,,201,2a1122ab5e2afc070c688b3bee99e79035c2dc38a2d92ec51f686a8daafa7a93,unverified / source variant,
assets/icons/new icons/Free-Skill-32x32-Icons-for-Cyberpunk-Game/1 Icons/12/Skillicon12_03.png,source-pack,32,32,,,233,e817006a717c8fbc8435b8e626e79fa54f8e0ef7a4830726aae1bf02400b1db1,unverified / source variant,
assets/icons/new icons/Free-Skill-32x32-Icons-for-Cyberpunk-Game/1 Icons/12/Skillicon12_04.png,source-pack,32,32,,,225,4db04214be6adb9092f99073bea09b09799327867c6a71c6d11bb4bb61b0d0b5,unverified / source variant,
assets/icons/new icons/Free-Skill-32x32-Icons-for-Cyberpunk-Game/1 Icons/12/Skillicon12_05.png,source-pack,32,32,,,221,fc6a26e128dcfa0b42b48dd1f89413860def5e858dae7f0e82d7b7deee821a4b,unverified / source variant,
assets/icons/new icons/Free-Skill-32x32-Icons-for-Cyberpunk-Game/1 Icons/12/Skillicon12_06.png,source-pack,32,32,,,230,70344750c5d214f8035e53390f690a6095fcca00eed0da2512825af86110e293,unverified / source variant,
assets/icons/new icons/Free-Skill-32x32-Icons-for-Cyberpunk-Game/1 Icons/12/Skillicon12_07.png,source-pack,32,32,,,236,c485261d5840a483462cd04c8a3b98c1abf909c3d77e442668c95be0483050f5,unverified / source variant,
assets/icons/new icons/Free-Skill-32x32-Icons-for-Cyberpunk-Game/1 Icons/12/Skillicon12_08.png,source-pack,32,32,,,195,0b943832792099162a636fdcec6787b2884a6aaa1fa78fe74bb55b9d3da3de96,unverified / source variant,
assets/icons/new icons/Free-Skill-32x32-Icons-for-Cyberpunk-Game/1 Icons/12/Skillicon12_09.png,source-pack,32,32,,,207,e6b64ebe0e08ccab746283945043a4b125157ac8805701aa381dc4c1c04ae463,unverified / source variant,
assets/icons/new icons/Free-Skill-32x32-Icons-for-Cyberpunk-Game/1 Icons/12/Skillicon12_10.png,source-pack,32,32,,,174,4199932afb137bceb7c04b0daeba21b31612298cbfd767f2ed73709b8e4c1601,unverified / source variant,
assets/icons/new icons/Free-Skill-32x32-Icons-for-Cyberpunk-Game/1 Icons/12/Skillicon12_11.png,source-pack,32,32,,,165,f6dd3b51dfd29ff9cfa0f40c97286f288b1ffdbb161308ab67603fcb8006a6ac,unverified / source variant,
assets/icons/new icons/Free-Skill-32x32-Icons-for-Cyberpunk-Game/1 Icons/12/Skillicon12_12.png,source-pack,32,32,,,257,79e9fbf81284ade868ccd3116fbc8f51382a27a99c3f9dd0deaf8600575e631d,unverified / source variant,
assets/icons/new icons/Free-Skill-32x32-Icons-for-Cyberpunk-Game/1 Icons/12/Skillicon12_13.png,source-pack,32,32,,,228,b144916b6d5b6227ff881c9835dc32e17100fd9ca3ccc6fa2db8d9c852c1efb7,unverified / source variant,
assets/icons/new icons/Free-Skill-32x32-Icons-for-Cyberpunk-Game/1 Icons/12/Skillicon12_14.png,source-pack,32,32,,,205,31bd0c1db0fad69c49d2c1bf9ceeb97ec1c518f849bbda28c5a0e34e680950f9,unverified / source variant,
assets/icons/new icons/Free-Skill-32x32-Icons-for-Cyberpunk-Game/1 Icons/12/Skillicon12_15.png,source-pack,32,32,,,224,014b9fd816eb6c4ae5d06cd4644a2ccc579f2830dca3a79e4f0338939811fd01,unverified / source variant,
assets/icons/new icons/Free-Skill-32x32-Icons-for-Cyberpunk-Game/1 Icons/12/Skillicon12_16.png,source-pack,32,32,,,219,982613a4ca7e3923d030d251b69a808e3b657e227dc01ce9fceb8cf1b0d1a318,unverified / source variant,
assets/icons/new icons/Free-Skill-32x32-Icons-for-Cyberpunk-Game/1 Icons/12/Skillicon12_17.png,source-pack,32,32,,,223,529006b8e90130f5f071b55ab26f98777a98307c77a8853acb8d683b4fe8a981,unverified / source variant,
assets/icons/new icons/Free-Skill-32x32-Icons-for-Cyberpunk-Game/1 Icons/12/Skillicon12_18.png,source-pack,32,32,,,249,ccbd23b37c91ffcb013dbeaf10064e50cef4afa355f1769dca56767e32def292,unverified / source variant,
assets/icons/new icons/Free-Skill-32x32-Icons-for-Cyberpunk-Game/1 Icons/12/Skillicon12_19.png,source-pack,32,32,,,230,3a91c5c22e50805bbad5b2a0f9200c4911b8e359f2b41e959b4c81eda58aa910,unverified / source variant,
assets/icons/new icons/Free-Skill-32x32-Icons-for-Cyberpunk-Game/1 Icons/12/Skillicon12_20.png,source-pack,32,32,,,251,ee078e6165a3bfda258788e50f3fc3b97d18d2de13329716897e8ba0be991331,unverified / source variant,
assets/icons/new icons/Free-Skill-32x32-Icons-for-Cyberpunk-Game/1 Icons/12/Skillicon12_21.png,source-pack,32,32,,,236,640a29df0ff5d8824b5dea4525869165a285b1b22af65f3a44d57030bdf34393,unverified / source variant,
assets/icons/new icons/Free-Skill-32x32-Icons-for-Cyberpunk-Game/1 Icons/12/Skillicon12_22.png,source-pack,32,32,,,246,1b754d64a543b6ae4a9722c368e1330c846282946b689b7fc2f99c0fecd87e33,unverified / source variant,
assets/icons/new icons/Free-Skill-32x32-Icons-for-Cyberpunk-Game/1 Icons/12/Skillicon12_23.png,source-pack,32,32,,,233,18afaf3268d09e0936da0fa1cfd08023a341063c28869f5f60329b22f07fc04b,unverified / source variant,
assets/icons/new icons/Free-Skill-32x32-Icons-for-Cyberpunk-Game/1 Icons/12/Skillicon12_24.png,source-pack,32,32,,,221,b356cb7bf104601a2e9d8d460355a72cc55201920397c5a42ffe82c80e151a99,unverified / source variant,
assets/icons/new icons/Free-Skill-32x32-Icons-for-Cyberpunk-Game/1 Icons/12/Skillicon12_25.png,source-pack,32,32,,,226,71690e4bf2d2d7dfe2e92549c86d67a1dd3e4483a9f16e39c0ad6c660fcca1f6,unverified / source variant,
assets/icons/new icons/Free-Skill-32x32-Icons-for-Cyberpunk-Game/1 Icons/12/Skillicon12_26.png,source-pack,32,32,,,228,5ee7b2aa77da66ea4b5e92861163f4ef8a30bb9f34ff7d0d77858c9624e9d15f,unverified / source variant,
assets/icons/new icons/Free-Skill-32x32-Icons-for-Cyberpunk-Game/1 Icons/12/Skillicon12_27.png,source-pack,32,32,,,229,0b87891e20b11b5b324273249f0c1e4e5ceccf12176823a0d64fc8735a07c8e0,unverified / source variant,
assets/icons/new icons/Free-Skill-32x32-Icons-for-Cyberpunk-Game/1 Icons/12/Skillicon12_28.png,source-pack,32,32,,,208,60b8e8916b16d32e7ab530d17e88a0ceacbe069c13cd59fbb21d835a56e6c0dd,unverified / source variant,
assets/icons/new icons/Free-Skill-32x32-Icons-for-Cyberpunk-Game/1 Icons/12/Skillicon12_29.png,source-pack,32,32,,,240,3867323206a3690984de7b1ffd8f6d154f95c3c52dc68fe98355e948acfa8173,unverified / source variant,
assets/icons/new icons/Free-Skill-32x32-Icons-for-Cyberpunk-Game/1 Icons/12/Skillicon12_30.png,source-pack,32,32,,,186,996a3586ed6022bd37e8c7b97f5b84a44fd856b4941047ff574027b1e900bbeb,unverified / source variant,
assets/icons/new icons/Free-Skill-32x32-Icons-for-Cyberpunk-Game/1 Icons/12/Skillicon12_31.png,source-pack,32,32,,,246,c3c14b04cfad282a29819a9e7021e2ea08688c4c1397821aa0b2d9bea726cd02,unverified / source variant,
assets/icons/new icons/Free-Skill-32x32-Icons-for-Cyberpunk-Game/1 Icons/12/Skillicon12_32.png,source-pack,32,32,,,221,d3753207612d562218a486231fbd9b4b8f3ec2307dce668b392d649770f75ba2,unverified / source variant,
assets/icons/new icons/Free-Skill-32x32-Icons-for-Cyberpunk-Game/1 Icons/12/Skillicon12_33.png,source-pack,32,32,,,196,e8954643b765c73c3b3cdf94f346e70476b7746a956004c7bba89daf7a4edd51,unverified / source variant,
assets/icons/new icons/Free-Skill-32x32-Icons-for-Cyberpunk-Game/1 Icons/12/Skillicon12_34.png,source-pack,32,32,,,249,ad013d8f9ee05c29c7901cb980aa7d90af34afaadead7f17890a3c79094cf2e8,unverified / source variant,
assets/icons/new icons/Free-Skill-32x32-Icons-for-Cyberpunk-Game/1 Icons/12/Skillicon12_35.png,source-pack,32,32,,,208,a8f08b66c7dfedde06936120604c3a053ad4d2f5d3e93ac99c90766732a99eae,unverified / source variant,
assets/icons/new icons/Free-Skill-32x32-Icons-for-Cyberpunk-Game/1 Icons/12/Skillicon12_36.png,source-pack,32,32,,,222,96e0de2fbcc44f4bc24ddc06e5647a7a9190b3c95490612d02e7bfadc6b73989,unverified / source variant,
assets/icons/new icons/Free-Skill-32x32-Icons-for-Cyberpunk-Game/1 Icons/12/Skillicon12_37.png,source-pack,32,32,,,217,498703e774b7856c3821a42fae76b760620cc984df86ca6ad55e30ec10d0ec4b,unverified / source variant,
assets/icons/new icons/Free-Skill-32x32-Icons-for-Cyberpunk-Game/1 Icons/12/Skillicon12_38.png,source-pack,32,32,,,215,219606572bb000a800d4101325e7476515408b115074c71b8ba52f44cba05170,unverified / source variant,
assets/icons/new icons/Free-Skill-32x32-Icons-for-Cyberpunk-Game/1 Icons/12/Skillicon12_39.png,source-pack,32,32,,,219,bc3d119b54a9762227c5f3969c0b8bdf09b3d9cc2de000f64346b3d07d58f93d,unverified / source variant,
assets/icons/new icons/Free-Skill-32x32-Icons-for-Cyberpunk-Game/1 Icons/12/Skillicon12_40.png,source-pack,32,32,,,221,a3e6ee2372607cb2bb6858e78b7c3b18647bac9a613aa227a4327bd38c02ed03,unverified / source variant,
assets/icons/new icons/Free-Skill-32x32-Icons-for-Cyberpunk-Game/1 Icons/13/Skillicon13_01.png,source-pack,32,32,,,201,9b5fb2a51c4b59ee11b8e81d1eb6290cb4fe805279e7bf7a36e9bed7b2f5df19,unverified / source variant,
assets/icons/new icons/Free-Skill-32x32-Icons-for-Cyberpunk-Game/1 Icons/13/Skillicon13_02.png,source-pack,32,32,,,201,64ce212e8aebdb4a223fd6e309f4887f1d59fe8327b05eba78a8663beffde474,unverified / source variant,
assets/icons/new icons/Free-Skill-32x32-Icons-for-Cyberpunk-Game/1 Icons/13/Skillicon13_03.png,source-pack,32,32,,,233,5a2921fb1dcef88e557e5de78b1839024bd209ea9f67ff7471463e47155907ac,unverified / source variant,
assets/icons/new icons/Free-Skill-32x32-Icons-for-Cyberpunk-Game/1 Icons/13/Skillicon13_04.png,source-pack,32,32,,,225,60db18e793be2425ff0b182ae09883b0643fe052a375b8af7a60c9b12bb4d821,unverified / source variant,
assets/icons/new icons/Free-Skill-32x32-Icons-for-Cyberpunk-Game/1 Icons/13/Skillicon13_05.png,source-pack,32,32,,,221,70531485654956a03087ae51c76ddd9c9a7e0bd1e7de23b2833c76db8fc28683,unverified / source variant,
assets/icons/new icons/Free-Skill-32x32-Icons-for-Cyberpunk-Game/1 Icons/13/Skillicon13_06.png,source-pack,32,32,,,230,279fb65c0a5b6f4009f1944357cd03bf7179e0ea2a16d01cc978bcbf7ef70cfb,unverified / source variant,
assets/icons/new icons/Free-Skill-32x32-Icons-for-Cyberpunk-Game/1 Icons/13/Skillicon13_07.png,source-pack,32,32,,,236,483b8301532e5c06f3146e2efabef7d5bc82d0efc0186bec1723697681d5ddd1,unverified / source variant,
assets/icons/new icons/Free-Skill-32x32-Icons-for-Cyberpunk-Game/1 Icons/13/Skillicon13_08.png,source-pack,32,32,,,195,5957c31a0c4c7e32021d2ee1836f64091d87c67674078d0a8c28eaf8261e079a,unverified / source variant,
assets/icons/new icons/Free-Skill-32x32-Icons-for-Cyberpunk-Game/1 Icons/13/Skillicon13_09.png,source-pack,32,32,,,207,b4f76df00aba06a157c03a018bc1d9e5fba95bfffe37c8ee0aea67ea8b1efeec,unverified / source variant,
assets/icons/new icons/Free-Skill-32x32-Icons-for-Cyberpunk-Game/1 Icons/13/Skillicon13_10.png,source-pack,32,32,,,174,a380a1a1663a004dfd06156708208e883406eaa3cfb3c220a860e47e18d499f5,unverified / source variant,
assets/icons/new icons/Free-Skill-32x32-Icons-for-Cyberpunk-Game/1 Icons/13/Skillicon13_11.png,source-pack,32,32,,,165,af9e21c6c748e88c7472b97f412bfb4bf268cbd9b35b44fbcba95f17744a432e,unverified / source variant,
assets/icons/new icons/Free-Skill-32x32-Icons-for-Cyberpunk-Game/1 Icons/13/Skillicon13_12.png,source-pack,32,32,,,257,503d8e508aa5141e44a6c988ef74abf4ef1078a7769acdde28ee48ad720b7a50,unverified / source variant,
assets/icons/new icons/Free-Skill-32x32-Icons-for-Cyberpunk-Game/1 Icons/13/Skillicon13_13.png,source-pack,32,32,,,228,99cd46a7bae9b58efd43cb194198310e6c916e2930357a30908382efaeab592c,unverified / source variant,
assets/icons/new icons/Free-Skill-32x32-Icons-for-Cyberpunk-Game/1 Icons/13/Skillicon13_14.png,source-pack,32,32,,,205,08b6e7a28de7970f4bb26e679f06932488e6207a0ef4d131b44ac8a28f3e8e17,unverified / source variant,
assets/icons/new icons/Free-Skill-32x32-Icons-for-Cyberpunk-Game/1 Icons/13/Skillicon13_15.png,source-pack,32,32,,,224,06f311ea108c96b02cc6c24a795ddf4e825a9df8edc08bdba4bd28b527052146,unverified / source variant,
assets/icons/new icons/Free-Skill-32x32-Icons-for-Cyberpunk-Game/1 Icons/13/Skillicon13_16.png,source-pack,32,32,,,219,2781eb6be2347fd2a48bfb778b6773bca0105b9beb8dd74a43ced6772fadefc3,unverified / source variant,
assets/icons/new icons/Free-Skill-32x32-Icons-for-Cyberpunk-Game/1 Icons/13/Skillicon13_17.png,source-pack,32,32,,,223,ab694c1d4088db69179a0ccc8cc56a6bc3b18b25031548996445d49827ff44f4,unverified / source variant,
assets/icons/new icons/Free-Skill-32x32-Icons-for-Cyberpunk-Game/1 Icons/13/Skillicon13_18.png,source-pack,32,32,,,249,052762c7de51a6da7d3201b3663eba709243b01aca17eb5cf11c3c10102eeabd,unverified / source variant,
assets/icons/new icons/Free-Skill-32x32-Icons-for-Cyberpunk-Game/1 Icons/13/Skillicon13_19.png,source-pack,32,32,,,230,0dc931c5f8e067714374a4519f8d1005d380ab2ac584ab1808371fa0583d9c2e,unverified / source variant,
assets/icons/new icons/Free-Skill-32x32-Icons-for-Cyberpunk-Game/1 Icons/13/Skillicon13_20.png,source-pack,32,32,,,251,81826fba0d20cb3c4592488c394f59beb9804a3948ad28c1b2e2fa98ca77343e,unverified / source variant,
assets/icons/new icons/Free-Skill-32x32-Icons-for-Cyberpunk-Game/1 Icons/13/Skillicon13_21.png,source-pack,32,32,,,236,c8dfeeb6bb3913e374019658286746beaca23cf4ce9277f471728161408ddbc9,unverified / source variant,
assets/icons/new icons/Free-Skill-32x32-Icons-for-Cyberpunk-Game/1 Icons/13/Skillicon13_22.png,source-pack,32,32,,,246,e3b29d087399b8bf861adca7aacb5aaad474558343982db35e3821fedd0faad2,unverified / source variant,
assets/icons/new icons/Free-Skill-32x32-Icons-for-Cyberpunk-Game/1 Icons/13/Skillicon13_23.png,source-pack,32,32,,,233,47fac17ded7c2365dae7a8bcd9b23c088a91205237b627f87c8af8cef107444a,unverified / source variant,
assets/icons/new icons/Free-Skill-32x32-Icons-for-Cyberpunk-Game/1 Icons/13/Skillicon13_24.png,source-pack,32,32,,,221,74dca9b9e3515782c2e4c2622d30bd267ac754714446c850a80b43c2885dad12,unverified / source variant,
assets/icons/new icons/Free-Skill-32x32-Icons-for-Cyberpunk-Game/1 Icons/13/Skillicon13_25.png,source-pack,32,32,,,226,68ce9c14195a6ae876046db9a9bbb51e58d4afa0977a83f190f62b166b59eef3,unverified / source variant,
assets/icons/new icons/Free-Skill-32x32-Icons-for-Cyberpunk-Game/1 Icons/13/Skillicon13_26.png,source-pack,32,32,,,228,439c087c5a1a3b2c359cbac21480cf48de24e9cbc462400aa00ee7294f9fa9bd,unverified / source variant,
assets/icons/new icons/Free-Skill-32x32-Icons-for-Cyberpunk-Game/1 Icons/13/Skillicon13_27.png,source-pack,32,32,,,229,ae515f5ff091ba4b9616e71fcc97efc6ff1f9080402cd1337ff1865de10efdf7,unverified / source variant,
assets/icons/new icons/Free-Skill-32x32-Icons-for-Cyberpunk-Game/1 Icons/13/Skillicon13_28.png,source-pack,32,32,,,208,a9a6970dd7232288be80e165ffd51e63cac706e3318814d3bab181b437d9db92,unverified / source variant,
assets/icons/new icons/Free-Skill-32x32-Icons-for-Cyberpunk-Game/1 Icons/13/Skillicon13_29.png,source-pack,32,32,,,240,4a5006f2619edc1248d44ee5b98d1d204d0605dd1bf1ff6654ed66671486df47,unverified / source variant,
assets/icons/new icons/Free-Skill-32x32-Icons-for-Cyberpunk-Game/1 Icons/13/Skillicon13_30.png,source-pack,32,32,,,186,769efda34fbce13da32bcd2851113c34d43f363d3c2b6eae34a1ac77b57c2745,unverified / source variant,
assets/icons/new icons/Free-Skill-32x32-Icons-for-Cyberpunk-Game/1 Icons/13/Skillicon13_31.png,source-pack,32,32,,,246,6d7a1e96713562ece06dc3e6d59175c0879c39a84d90559055aee1aeaab3230e,unverified / source variant,
assets/icons/new icons/Free-Skill-32x32-Icons-for-Cyberpunk-Game/1 Icons/13/Skillicon13_32.png,source-pack,32,32,,,221,1d00c9a90fd53764a4accb01052415dd96efe6127dc820f59443f274a3c8d804,unverified / source variant,
assets/icons/new icons/Free-Skill-32x32-Icons-for-Cyberpunk-Game/1 Icons/13/Skillicon13_33.png,source-pack,32,32,,,196,68c935143ec5463c0916f27d0d4b59d689459abb3fc803f47ced682609c70a01,unverified / source variant,
assets/icons/new icons/Free-Skill-32x32-Icons-for-Cyberpunk-Game/1 Icons/13/Skillicon13_34.png,source-pack,32,32,,,249,a6e1864edba09a9d3ff68a860c7b679ab81fa935022dd0e64d964862afdd695a,unverified / source variant,
assets/icons/new icons/Free-Skill-32x32-Icons-for-Cyberpunk-Game/1 Icons/13/Skillicon13_35.png,source-pack,32,32,,,208,ee2a184ae0332b239bbccdf2db699d373b88cab83f9a9640854b94e4f4ac90c9,unverified / source variant,
assets/icons/new icons/Free-Skill-32x32-Icons-for-Cyberpunk-Game/1 Icons/13/Skillicon13_36.png,source-pack,32,32,,,222,85abf17b6c49bf549f3945603c1aeb991e8495ab114dfe68c7328a8bad235be4,unverified / source variant,
assets/icons/new icons/Free-Skill-32x32-Icons-for-Cyberpunk-Game/1 Icons/13/Skillicon13_37.png,source-pack,32,32,,,217,90ebdea65d859199f98b9773487d31ed7113b9f4334e9b1d2d86a41682216a17,unverified / source variant,
assets/icons/new icons/Free-Skill-32x32-Icons-for-Cyberpunk-Game/1 Icons/13/Skillicon13_38.png,source-pack,32,32,,,215,e8436ec121d00b9921667df364dc17008efcaafcdd9b69d803d173b53f702467,unverified / source variant,
assets/icons/new icons/Free-Skill-32x32-Icons-for-Cyberpunk-Game/1 Icons/13/Skillicon13_39.png,source-pack,32,32,,,219,a37b9801e465ad1d3b7a9b68bd0411455679cbf56f75da92d01f1735ea8790f1,unverified / source variant,
assets/icons/new icons/Free-Skill-32x32-Icons-for-Cyberpunk-Game/1 Icons/13/Skillicon13_40.png,source-pack,32,32,,,221,b1f88213b7833e0b7ff0bfb2d1abbe7c8c7a8d67cf44b526b6a40e89ba7918e3,unverified / source variant,
assets/icons/new icons/Free-Skill-32x32-Icons-for-Cyberpunk-Game/1 Icons/14/Skillicon14_01.png,source-pack,32,32,,,220,77a1fffa0402fec993c0521772ef35de253ca4da4bddcea524bfee78e02ba8e5,unverified / source variant,
assets/icons/new icons/Free-Skill-32x32-Icons-for-Cyberpunk-Game/1 Icons/14/Skillicon14_02.png,source-pack,32,32,,,218,82b73ac8553ca45c69ca267d9daa520c1458a1aa9bb544025148eddea728f233,unverified / source variant,
assets/icons/new icons/Free-Skill-32x32-Icons-for-Cyberpunk-Game/1 Icons/14/Skillicon14_03.png,source-pack,32,32,,,257,dc03ca338a92d8477d72120523b7344511afeb5e8f62b1e62898746b0f097a96,unverified / source variant,
assets/icons/new icons/Free-Skill-32x32-Icons-for-Cyberpunk-Game/1 Icons/14/Skillicon14_04.png,source-pack,32,32,,,246,c31412935171e73807570bc51172a5f41775ccf38013909771b2a6261ea54b2b,unverified / source variant,
assets/icons/new icons/Free-Skill-32x32-Icons-for-Cyberpunk-Game/1 Icons/14/Skillicon14_05.png,source-pack,32,32,,,247,5f3703b82592fcad267bc91210691502c06343f27c274bdc1e72cf3fa297d419,unverified / source variant,
assets/icons/new icons/Free-Skill-32x32-Icons-for-Cyberpunk-Game/1 Icons/14/Skillicon14_06.png,source-pack,32,32,,,249,7401682b2ec558f78ccc19c3258066824ad6cac3ad393e9903ea4f776cc31445,unverified / source variant,
assets/icons/new icons/Free-Skill-32x32-Icons-for-Cyberpunk-Game/1 Icons/14/Skillicon14_07.png,source-pack,32,32,,,255,0a0bfe24c801d4ee71dc67137482f27255373f38524cf2a36b63da01e48bf93a,unverified / source variant,
assets/icons/new icons/Free-Skill-32x32-Icons-for-Cyberpunk-Game/1 Icons/14/Skillicon14_08.png,source-pack,32,32,,,211,0ad48d1c4782f86798e19806c0dae7704874e97f2478dc5258fbefb36078fa09,unverified / source variant,
assets/icons/new icons/Free-Skill-32x32-Icons-for-Cyberpunk-Game/1 Icons/14/Skillicon14_09.png,source-pack,32,32,,,226,7c1b85adb32cb53c35b4c1bd56e04101f5df5f351aef84cdbe7411b41867cccf,unverified / source variant,
assets/icons/new icons/Free-Skill-32x32-Icons-for-Cyberpunk-Game/1 Icons/14/Skillicon14_10.png,source-pack,32,32,,,190,83200b57ab362154e3b0ff9bf806ef06f93ec9868da740dd8420f3adbf322da2,unverified / source variant,
assets/icons/new icons/Free-Skill-32x32-Icons-for-Cyberpunk-Game/1 Icons/14/Skillicon14_11.png,source-pack,32,32,,,181,48e67904af04fffbe64b47011d7381e42a53fd55748c336440857e8128bde42f,unverified / source variant,
assets/icons/new icons/Free-Skill-32x32-Icons-for-Cyberpunk-Game/1 Icons/14/Skillicon14_12.png,source-pack,32,32,,,281,e86c85367c2f0dd1972b8d121faf914ea6a871302f974d90f6d457d908d8cbad,unverified / source variant,
assets/icons/new icons/Free-Skill-32x32-Icons-for-Cyberpunk-Game/1 Icons/14/Skillicon14_13.png,source-pack,32,32,,,252,cfeca0fa9778ef48f86718f6dda8b02ab14c4a1cf0a6a678277d77dda7dbb9b3,unverified / source variant,
assets/icons/new icons/Free-Skill-32x32-Icons-for-Cyberpunk-Game/1 Icons/14/Skillicon14_14.png,source-pack,32,32,,,220,684f12f416d8003e92fd065913bd4e252f7a3ca76dec10ecae79e7b27df53b49,unverified / source variant,
assets/icons/new icons/Free-Skill-32x32-Icons-for-Cyberpunk-Game/1 Icons/14/Skillicon14_15.png,source-pack,32,32,,,245,c9099e63b257033f97b37c981dccfb62df411d6299a0bb47cc59afb6ae542f2f,unverified / source variant,
assets/icons/new icons/Free-Skill-32x32-Icons-for-Cyberpunk-Game/1 Icons/14/Skillicon14_16.png,source-pack,32,32,,,244,1693c2298a46db061f44a78b954a4a8bf1f99e235bec665e2db304be2122c613,unverified / source variant,
assets/icons/new icons/Free-Skill-32x32-Icons-for-Cyberpunk-Game/1 Icons/14/Skillicon14_17.png,source-pack,32,32,,,246,77fb941a83f7a157db72ed82bf909059c19a194781d7f65e8e0314427adc8053,unverified / source variant,
assets/icons/new icons/Free-Skill-32x32-Icons-for-Cyberpunk-Game/1 Icons/14/Skillicon14_18.png,source-pack,32,32,,,267,21f52dad7fa8358bf82c35e75b435cd59dc067a63df5d40344f4007b5c34fe61,unverified / source variant,
assets/icons/new icons/Free-Skill-32x32-Icons-for-Cyberpunk-Game/1 Icons/14/Skillicon14_19.png,source-pack,32,32,,,251,7b0c733aac01a1d443d348b5c15015d78578bd5ddae76319a2221bafdc3a9af7,unverified / source variant,
assets/icons/new icons/Free-Skill-32x32-Icons-for-Cyberpunk-Game/1 Icons/14/Skillicon14_20.png,source-pack,32,32,,,271,b827c898150a4f38aaedafd7fd422810a49708e63c64aaed1e3c11a3dc779611,unverified / source variant,
assets/icons/new icons/Free-Skill-32x32-Icons-for-Cyberpunk-Game/1 Icons/14/Skillicon14_21.png,source-pack,32,32,,,259,12a37a8f7feee62377acc72a53284686daf012f544b51fb61c4865d659c90fcc,unverified / source variant,
assets/icons/new icons/Free-Skill-32x32-Icons-for-Cyberpunk-Game/1 Icons/14/Skillicon14_22.png,source-pack,32,32,,,271,d7cc975f0807a83fdc329a6d8bace214546d2c64af0f3a8d1af9df0e07c8f31a,unverified / source variant,
assets/icons/new icons/Free-Skill-32x32-Icons-for-Cyberpunk-Game/1 Icons/14/Skillicon14_23.png,source-pack,32,32,,,253,a42edf1414581e346e3386bd41ff443f67dcb94db3140b8a8d18f07894808c1f,unverified / source variant,
assets/icons/new icons/Free-Skill-32x32-Icons-for-Cyberpunk-Game/1 Icons/14/Skillicon14_24.png,source-pack,32,32,,,244,b6f8a6b2794d73836d22e1a108800680b64d3e27e421e011f30b5fbd2e5ab701,unverified / source variant,
assets/icons/new icons/Free-Skill-32x32-Icons-for-Cyberpunk-Game/1 Icons/14/Skillicon14_25.png,source-pack,32,32,,,247,0f5454e81985380e66e9679d757c03845577db9d51e79028d3cdab994d60cc2d,unverified / source variant,
assets/icons/new icons/Free-Skill-32x32-Icons-for-Cyberpunk-Game/1 Icons/14/Skillicon14_26.png,source-pack,32,32,,,249,339076d4fbd594d15b92fd7834ac6f2aabd4cb666bea8e378d42a1b19963f0fa,unverified / source variant,
assets/icons/new icons/Free-Skill-32x32-Icons-for-Cyberpunk-Game/1 Icons/14/Skillicon14_27.png,source-pack,32,32,,,253,728ed99b80f835ca5858fc9790cd9a62ca9da681b28dcc16f21ffd028ab3c031,unverified / source variant,
assets/icons/new icons/Free-Skill-32x32-Icons-for-Cyberpunk-Game/1 Icons/14/Skillicon14_28.png,source-pack,32,32,,,227,2a3c0eb6a725bf3d76a76b64ed9046ef306ccf7647725bbd6beeaae8168fa301,unverified / source variant,
assets/icons/new icons/Free-Skill-32x32-Icons-for-Cyberpunk-Game/1 Icons/14/Skillicon14_29.png,source-pack,32,32,,,264,51554667b745d4060e268383a144869798e98a8f5d6541a2d0aefd325ef25ebc,unverified / source variant,
assets/icons/new icons/Free-Skill-32x32-Icons-for-Cyberpunk-Game/1 Icons/14/Skillicon14_30.png,source-pack,32,32,,,200,4d77bc3b1d1f4a7f9ccac666a5447af047b7e7000e53ca743792f171e4c15783,unverified / source variant,
assets/icons/new icons/Free-Skill-32x32-Icons-for-Cyberpunk-Game/1 Icons/14/Skillicon14_31.png,source-pack,32,32,,,271,ea606a763f9661cf9aee079f2f423f08424c6ab7ccf8e2204635f681d64989bf,unverified / source variant,
assets/icons/new icons/Free-Skill-32x32-Icons-for-Cyberpunk-Game/1 Icons/14/Skillicon14_32.png,source-pack,32,32,,,238,427fc228b2adc6b9f3bc6330337c6d9d92c53715cdd27f3617c4e1b78dad2043,unverified / source variant,
assets/icons/new icons/Free-Skill-32x32-Icons-for-Cyberpunk-Game/1 Icons/14/Skillicon14_33.png,source-pack,32,32,,,212,7406eacadb12797ff23726b3465a89f819427418f416debad6971d11857ebba4,unverified / source variant,
assets/icons/new icons/Free-Skill-32x32-Icons-for-Cyberpunk-Game/1 Icons/14/Skillicon14_34.png,source-pack,32,32,,,271,28720a0c11d41f8066cf16d298ffb4cb211df6a3e2b131c4505c9a84a6c5cd86,unverified / source variant,
assets/icons/new icons/Free-Skill-32x32-Icons-for-Cyberpunk-Game/1 Icons/14/Skillicon14_35.png,source-pack,32,32,,,227,efd7d038193448ed378fa0b96c29c03a90e4d32bcf015190576611ac533833db,unverified / source variant,
assets/icons/new icons/Free-Skill-32x32-Icons-for-Cyberpunk-Game/1 Icons/14/Skillicon14_36.png,source-pack,32,32,,,242,120d269e30041daadad2132ade6a0f8812a6134a5e2f4c9792453dfa161a8c8f,unverified / source variant,
assets/icons/new icons/Free-Skill-32x32-Icons-for-Cyberpunk-Game/1 Icons/14/Skillicon14_37.png,source-pack,32,32,,,240,12d97bcb228d9b44ee6adf720a46b85c93cfb1531547aa38dc3301410499721b,unverified / source variant,
assets/icons/new icons/Free-Skill-32x32-Icons-for-Cyberpunk-Game/1 Icons/14/Skillicon14_38.png,source-pack,32,32,,,238,66b0ef2b2b40e445ee2abf8d1f1b36bab1d25833ffab66af00f895229b5fdd46,unverified / source variant,
assets/icons/new icons/Free-Skill-32x32-Icons-for-Cyberpunk-Game/1 Icons/14/Skillicon14_39.png,source-pack,32,32,,,238,6c76c54b0fc0189b8816024ca1eb02f0ef3e57823e0c32a96eb345da7f58872c,unverified / source variant,
assets/icons/new icons/Free-Skill-32x32-Icons-for-Cyberpunk-Game/1 Icons/14/Skillicon14_40.png,source-pack,32,32,,,240,557d05e732312555d7d5874d81da705cc1bf982e7590ce9f84a825b225d8458e,unverified / source variant,
assets/icons/new icons/Free-Skill-32x32-Icons-for-Cyberpunk-Game/1 Icons/2/Skillicon2_01.png,source-pack,32,32,,,201,859260315ab89d3df334ec331744fdd11e8d56cf240fb9458207507de4c19cae,unverified / source variant,
assets/icons/new icons/Free-Skill-32x32-Icons-for-Cyberpunk-Game/1 Icons/2/Skillicon2_02.png,source-pack,32,32,,,201,d62f6a354c7a36f90abfcb94d675d521b2a3393cdcda57231c9eb9993cb8389d,unverified / source variant,
assets/icons/new icons/Free-Skill-32x32-Icons-for-Cyberpunk-Game/1 Icons/2/Skillicon2_03.png,source-pack,32,32,,,233,5d891eb39a3003d46db081ba05ed538ae45b4b9b1db20ba1bdc93add8eef2b74,unverified / source variant,
assets/icons/new icons/Free-Skill-32x32-Icons-for-Cyberpunk-Game/1 Icons/2/Skillicon2_04.png,source-pack,32,32,,,225,82ba7f831ba8bd65e4d42e53ff275f5011f8a7725831f5e228cb3bcd4496033d,unverified / source variant,
assets/icons/new icons/Free-Skill-32x32-Icons-for-Cyberpunk-Game/1 Icons/2/Skillicon2_05.png,source-pack,32,32,,,221,21054572a22275952017c4bc7b9d9e6d6b0415a1e192c06d0ebc2eb266f015d8,unverified / source variant,
assets/icons/new icons/Free-Skill-32x32-Icons-for-Cyberpunk-Game/1 Icons/2/Skillicon2_06.png,source-pack,32,32,,,230,f3cb095a3ed30f18870dfadf2babdc23e1b77ca9a88bf9082cbfbbe9fa2d0afe,unverified / source variant,
assets/icons/new icons/Free-Skill-32x32-Icons-for-Cyberpunk-Game/1 Icons/2/Skillicon2_07.png,source-pack,32,32,,,236,77aafc093d85450ddc5a96232f6e62194e264ab83108420626cfa88ff8d77693,unverified / source variant,
assets/icons/new icons/Free-Skill-32x32-Icons-for-Cyberpunk-Game/1 Icons/2/Skillicon2_08.png,source-pack,32,32,,,195,5d73ffdee31eb13d36c5bf9dafbd67395e72bb86118af794311301768d3dd226,unverified / source variant,
assets/icons/new icons/Free-Skill-32x32-Icons-for-Cyberpunk-Game/1 Icons/2/Skillicon2_09.png,source-pack,32,32,,,207,5cac2e9741665f7a743900c82e71f0322b1b23301a09eab51ff88d03aa72d971,unverified / source variant,
assets/icons/new icons/Free-Skill-32x32-Icons-for-Cyberpunk-Game/1 Icons/2/Skillicon2_10.png,source-pack,32,32,,,174,225aae7a35f92b3c0523931b691d4fdd18ba1a688945848fd00d11807fe031ce,unverified / source variant,
assets/icons/new icons/Free-Skill-32x32-Icons-for-Cyberpunk-Game/1 Icons/2/Skillicon2_11.png,source-pack,32,32,,,165,db61011fee6114150c4733384802679c7328784c0b5d6df74ba614dbcfbd1893,unverified / source variant,
assets/icons/new icons/Free-Skill-32x32-Icons-for-Cyberpunk-Game/1 Icons/2/Skillicon2_12.png,source-pack,32,32,,,257,98b3596a64705c4f622c55a2e6d4a818a2f9702af8cf9ab7f16eeac28a5502c3,unverified / source variant,
assets/icons/new icons/Free-Skill-32x32-Icons-for-Cyberpunk-Game/1 Icons/2/Skillicon2_13.png,source-pack,32,32,,,228,dada8dc24ba622f1de0c83bd2fa0de3fbffc6289da8256f591c1cb6b8584b1c5,unverified / source variant,
assets/icons/new icons/Free-Skill-32x32-Icons-for-Cyberpunk-Game/1 Icons/2/Skillicon2_14.png,source-pack,32,32,,,205,c311f2907715551790e4998ba367b0ee78e848bcd9e470eba837542c9566c191,unverified / source variant,
assets/icons/new icons/Free-Skill-32x32-Icons-for-Cyberpunk-Game/1 Icons/2/Skillicon2_15.png,source-pack,32,32,,,224,e135a530a8188a5ea2edb938bfc62684d341e249821b100dbabcb97deb82ecc1,unverified / source variant,
assets/icons/new icons/Free-Skill-32x32-Icons-for-Cyberpunk-Game/1 Icons/2/Skillicon2_16.png,source-pack,32,32,,,219,9e80a312531db1068910c0ee307ebe8a3f5eab770ae842fa39ce03f6c9c2ba86,unverified / source variant,
assets/icons/new icons/Free-Skill-32x32-Icons-for-Cyberpunk-Game/1 Icons/2/Skillicon2_17.png,source-pack,32,32,,,223,2b4188b8d82d2c09f764cd2eea60397bd1db73cf1d496ff8f5690303d59b0cce,unverified / source variant,
assets/icons/new icons/Free-Skill-32x32-Icons-for-Cyberpunk-Game/1 Icons/2/Skillicon2_18.png,source-pack,32,32,,,249,4a0c9b7e9fd9faa74dbac193405efe919abb783d69f10454f3ab573edfb04c97,unverified / source variant,
assets/icons/new icons/Free-Skill-32x32-Icons-for-Cyberpunk-Game/1 Icons/2/Skillicon2_19.png,source-pack,32,32,,,230,7af9f699ae5b0dbcec96ada6a27e5ae92eed59ae8d3e2fa6f048ee9d3583ad28,unverified / source variant,
assets/icons/new icons/Free-Skill-32x32-Icons-for-Cyberpunk-Game/1 Icons/2/Skillicon2_20.png,source-pack,32,32,,,251,b7340ae6cd732d87ba7f4206f726e4a8d2c565674066a9dc0f096f88b5c4bd54,unverified / source variant,
assets/icons/new icons/Free-Skill-32x32-Icons-for-Cyberpunk-Game/1 Icons/2/Skillicon2_21.png,source-pack,32,32,,,236,1b75e4c0b7a6f1629a5a0669fedb4030074610efade78c71d6a556a7d67daf63,unverified / source variant,
assets/icons/new icons/Free-Skill-32x32-Icons-for-Cyberpunk-Game/1 Icons/2/Skillicon2_22.png,source-pack,32,32,,,246,387cf50c6263db3bb8f5103607a9b70a3eae8027a942b264b345b3cb4812a136,unverified / source variant,
assets/icons/new icons/Free-Skill-32x32-Icons-for-Cyberpunk-Game/1 Icons/2/Skillicon2_23.png,source-pack,32,32,,,233,87e1f8e5f29457d2f5b69d174f329014865491cdac83118592156af96607fdd0,unverified / source variant,
assets/icons/new icons/Free-Skill-32x32-Icons-for-Cyberpunk-Game/1 Icons/2/Skillicon2_24.png,source-pack,32,32,,,221,bc1ac06a54b3d4ef76a6dd551fa6612925a9d53fd5c8084f028846b7baad40be,unverified / source variant,
assets/icons/new icons/Free-Skill-32x32-Icons-for-Cyberpunk-Game/1 Icons/2/Skillicon2_25.png,source-pack,32,32,,,226,b0a9bfc10a0fc74e104c51d887623e6e147152ea9e396bc19e9ba599c0023244,unverified / source variant,
assets/icons/new icons/Free-Skill-32x32-Icons-for-Cyberpunk-Game/1 Icons/2/Skillicon2_26.png,source-pack,32,32,,,228,e47a18c1a29636b7fec1a8b0b3a3819371807bf6a9b0ca230ea0ff376fcee5bd,unverified / source variant,
assets/icons/new icons/Free-Skill-32x32-Icons-for-Cyberpunk-Game/1 Icons/2/Skillicon2_27.png,source-pack,32,32,,,229,0dbc529a9c956014ffbee59390350759f6a248ae23866275cc7f0d1c17de94a5,unverified / source variant,
assets/icons/new icons/Free-Skill-32x32-Icons-for-Cyberpunk-Game/1 Icons/2/Skillicon2_28.png,source-pack,32,32,,,208,c09fded978f2c79ab6c6e10fde8e1657ac1b1d89ec4b120d731691c36b392680,unverified / source variant,
assets/icons/new icons/Free-Skill-32x32-Icons-for-Cyberpunk-Game/1 Icons/2/Skillicon2_29.png,source-pack,32,32,,,240,fb300d13a830fd35c31e4555730bfa635a285eca33d6aa04c220c1b66ed9477b,unverified / source variant,
assets/icons/new icons/Free-Skill-32x32-Icons-for-Cyberpunk-Game/1 Icons/2/Skillicon2_30.png,source-pack,32,32,,,186,f27544ff5144e29e024e1e90b4baa7c51300a8661be7d1b71da893165ae86499,unverified / source variant,
assets/icons/new icons/Free-Skill-32x32-Icons-for-Cyberpunk-Game/1 Icons/2/Skillicon2_31.png,source-pack,32,32,,,246,83f83a5bb23672cd14c387dc3ff5b043673fd086524d95929fb188fcc7c2e31b,unverified / source variant,
assets/icons/new icons/Free-Skill-32x32-Icons-for-Cyberpunk-Game/1 Icons/2/Skillicon2_32.png,source-pack,32,32,,,221,a3db9e5e85a3e7650a6286eeb715d1450e08f8f7a30ca7430c0e4ad1176bc225,unverified / source variant,
assets/icons/new icons/Free-Skill-32x32-Icons-for-Cyberpunk-Game/1 Icons/2/Skillicon2_33.png,source-pack,32,32,,,196,489874f4a75c482bf0570ce05d0f7ffa898afdf82f7515625661eb16c4a2875a,unverified / source variant,
assets/icons/new icons/Free-Skill-32x32-Icons-for-Cyberpunk-Game/1 Icons/2/Skillicon2_34.png,source-pack,32,32,,,249,c8f88e5557a4d127810237e832774d1845b375581f735cacd44e9e89a95583ed,unverified / source variant,
assets/icons/new icons/Free-Skill-32x32-Icons-for-Cyberpunk-Game/1 Icons/2/Skillicon2_35.png,source-pack,32,32,,,208,4112c6b05842b44caa5a6281f6ed900e88cc0d345c5252176f4145f895341e85,unverified / source variant,
assets/icons/new icons/Free-Skill-32x32-Icons-for-Cyberpunk-Game/1 Icons/2/Skillicon2_36.png,source-pack,32,32,,,222,63952e629f3c01696d07164ed1eaf00c986eb5e5b841123c685077eb051a8109,unverified / source variant,
assets/icons/new icons/Free-Skill-32x32-Icons-for-Cyberpunk-Game/1 Icons/2/Skillicon2_37.png,source-pack,32,32,,,217,994517a7768a36dcd98ee17f34bcda525eafaf60f302a35baaeb16b7ed0bc357,unverified / source variant,
assets/icons/new icons/Free-Skill-32x32-Icons-for-Cyberpunk-Game/1 Icons/2/Skillicon2_38.png,source-pack,32,32,,,215,b8aa2ff5d271e80157c3cdae275dced8bdc833394bb2d2aca316fdb031dc1540,unverified / source variant,
assets/icons/new icons/Free-Skill-32x32-Icons-for-Cyberpunk-Game/1 Icons/2/Skillicon2_39.png,source-pack,32,32,,,219,205ec31145c9238df0e2e922779a6715822e0745861f68f7bee607c2f28e7e99,unverified / source variant,
assets/icons/new icons/Free-Skill-32x32-Icons-for-Cyberpunk-Game/1 Icons/2/Skillicon2_40.png,source-pack,32,32,,,221,5c307b3ea7aefa0e0a7d5d1e94071d38b9a681667d3a07f04b58c59c06478857,unverified / source variant,
assets/icons/new icons/Free-Skill-32x32-Icons-for-Cyberpunk-Game/1 Icons/3/Skillicon3_01.png,source-pack,32,32,,,201,6587f5949385dc9dc74353dbc34ed8c032b0afdd24360f7e63baf221060e3e6f,unverified / source variant,
assets/icons/new icons/Free-Skill-32x32-Icons-for-Cyberpunk-Game/1 Icons/3/Skillicon3_02.png,source-pack,32,32,,,201,199cdbe026baf0624d32d90cb5662f67882609fcbe6dec7f94715dd985cd868d,unverified / source variant,
assets/icons/new icons/Free-Skill-32x32-Icons-for-Cyberpunk-Game/1 Icons/3/Skillicon3_03.png,source-pack,32,32,,,233,b8c1f405afe3c6d7f270a006e2b3db3c2250bfcde429cb479d8a3b4118c5d645,unverified / source variant,
assets/icons/new icons/Free-Skill-32x32-Icons-for-Cyberpunk-Game/1 Icons/3/Skillicon3_04.png,source-pack,32,32,,,225,7a6f74a24a3f3a89d7229a7cf821abff23c1a7d6c642791ae3d94ef0bb24cc53,unverified / source variant,
assets/icons/new icons/Free-Skill-32x32-Icons-for-Cyberpunk-Game/1 Icons/3/Skillicon3_05.png,source-pack,32,32,,,221,5edb7e4b325f71185c02b373c2ab07d89a3d2e4694eb2029721dafae010165a4,unverified / source variant,
assets/icons/new icons/Free-Skill-32x32-Icons-for-Cyberpunk-Game/1 Icons/3/Skillicon3_06.png,source-pack,32,32,,,230,6e56ee47d2b5fee0a8ce69a877d9de9a9d1205237f2da025b2acbe67bfd10168,unverified / source variant,
assets/icons/new icons/Free-Skill-32x32-Icons-for-Cyberpunk-Game/1 Icons/3/Skillicon3_07.png,source-pack,32,32,,,236,4463856d6efcd17ceb13b7e2653faeff7f689768bf8b27ebc2c4da705e32ae8a,unverified / source variant,
assets/icons/new icons/Free-Skill-32x32-Icons-for-Cyberpunk-Game/1 Icons/3/Skillicon3_08.png,source-pack,32,32,,,195,b2f37b866bfe35281ed98d0b845c31f54e7929be71addcd143f81bb3bf3c082a,unverified / source variant,
assets/icons/new icons/Free-Skill-32x32-Icons-for-Cyberpunk-Game/1 Icons/3/Skillicon3_09.png,source-pack,32,32,,,207,55674bd80fca90813f81a7c39b3d59b6ab13ad6bca846397c236d3b996d55066,unverified / source variant,
assets/icons/new icons/Free-Skill-32x32-Icons-for-Cyberpunk-Game/1 Icons/3/Skillicon3_10.png,source-pack,32,32,,,174,b7a64b6fb749182ccd9635cb2e3e39b281bd19c4132808cb1058b910f2ac9340,unverified / source variant,
assets/icons/new icons/Free-Skill-32x32-Icons-for-Cyberpunk-Game/1 Icons/3/Skillicon3_11.png,source-pack,32,32,,,165,7c62d6272c952f7b207df8f942517cf64b61a15c9014f4ff7f4b44c3ef0774a6,unverified / source variant,
assets/icons/new icons/Free-Skill-32x32-Icons-for-Cyberpunk-Game/1 Icons/3/Skillicon3_12.png,source-pack,32,32,,,257,3bb4b6bea2d61fd1b0b0d684f6a17f71056ef70f181bfef414b5b7351b27787e,unverified / source variant,
assets/icons/new icons/Free-Skill-32x32-Icons-for-Cyberpunk-Game/1 Icons/3/Skillicon3_13.png,source-pack,32,32,,,228,4ce9eeead021071145b5129a09f20ce8d32ca61c9f1f5747753b733b0da28776,unverified / source variant,
assets/icons/new icons/Free-Skill-32x32-Icons-for-Cyberpunk-Game/1 Icons/3/Skillicon3_14.png,source-pack,32,32,,,205,98aa9b7a82691fa76edd9dad963c9419efe7f261dca7d5b701755a64b4e4d854,unverified / source variant,
assets/icons/new icons/Free-Skill-32x32-Icons-for-Cyberpunk-Game/1 Icons/3/Skillicon3_15.png,source-pack,32,32,,,224,f8c48d52ba9a5b45f367ab42968db209bcebbb39a1881ecb9b425ce8ca55ea1e,unverified / source variant,
assets/icons/new icons/Free-Skill-32x32-Icons-for-Cyberpunk-Game/1 Icons/3/Skillicon3_16.png,source-pack,32,32,,,219,d924fe1862642311f845cfb6d0c536d095330dc659d387c680a8b9f7afbdfd83,unverified / source variant,
assets/icons/new icons/Free-Skill-32x32-Icons-for-Cyberpunk-Game/1 Icons/3/Skillicon3_17.png,source-pack,32,32,,,223,50b274bdbfe1fc20c8237a9c4e1ee0bfcc4b52bbf0e873f3eec3f94850f2ceac,unverified / source variant,
assets/icons/new icons/Free-Skill-32x32-Icons-for-Cyberpunk-Game/1 Icons/3/Skillicon3_18.png,source-pack,32,32,,,249,416685d4dc12aaefc2b5386f26b6f1bcd3f2da8ee7262617f91eac623f578d87,unverified / source variant,
assets/icons/new icons/Free-Skill-32x32-Icons-for-Cyberpunk-Game/1 Icons/3/Skillicon3_19.png,source-pack,32,32,,,230,f1bd18da96ef438fc94404feaae2600800c24d24c9c5a518e36694c1841e51f5,unverified / source variant,
assets/icons/new icons/Free-Skill-32x32-Icons-for-Cyberpunk-Game/1 Icons/3/Skillicon3_20.png,source-pack,32,32,,,251,0eeefe2600519c7a5fbbf43d63a869de666fd402d785ff33b9fce42d3b02b7bf,unverified / source variant,
assets/icons/new icons/Free-Skill-32x32-Icons-for-Cyberpunk-Game/1 Icons/3/Skillicon3_21.png,source-pack,32,32,,,236,9435540059cdf4e8cc99a7f7263b29089b2cbfe5d4639b51a527f3e11ba4bba2,unverified / source variant,
assets/icons/new icons/Free-Skill-32x32-Icons-for-Cyberpunk-Game/1 Icons/3/Skillicon3_22.png,source-pack,32,32,,,246,2ec11052516b1f7c090d3e3c6bebf8599fb74ea428223fe39c809d4b7aa31221,unverified / source variant,
assets/icons/new icons/Free-Skill-32x32-Icons-for-Cyberpunk-Game/1 Icons/3/Skillicon3_23.png,source-pack,32,32,,,233,d223d3cc7e5a6ed310339bf541f6b43f632229dc63a63b3868675ec067450683,unverified / source variant,
assets/icons/new icons/Free-Skill-32x32-Icons-for-Cyberpunk-Game/1 Icons/3/Skillicon3_24.png,source-pack,32,32,,,221,09d24b718cadde56877b6e9076f9b917c4e00bbe9cd700d1659bb6f859d8c81c,unverified / source variant,
assets/icons/new icons/Free-Skill-32x32-Icons-for-Cyberpunk-Game/1 Icons/3/Skillicon3_25.png,source-pack,32,32,,,226,1b06eee51de3110a14db63bda86f77b401b3f75ce336a8f8b3b8262e26f96429,unverified / source variant,
assets/icons/new icons/Free-Skill-32x32-Icons-for-Cyberpunk-Game/1 Icons/3/Skillicon3_26.png,source-pack,32,32,,,228,8fe196fba01600a1f4c808b879f7065fb2e1984174289289e9a8f49a479ee31d,unverified / source variant,
assets/icons/new icons/Free-Skill-32x32-Icons-for-Cyberpunk-Game/1 Icons/3/Skillicon3_27.png,source-pack,32,32,,,229,932738e70084cae87370232fd39dc569941de857ded973a093d3190da5e21577,unverified / source variant,
assets/icons/new icons/Free-Skill-32x32-Icons-for-Cyberpunk-Game/1 Icons/3/Skillicon3_28.png,source-pack,32,32,,,208,591412563337ef92773cc4dad7125f463634327a72cc038e129948b9be16fca2,unverified / source variant,
assets/icons/new icons/Free-Skill-32x32-Icons-for-Cyberpunk-Game/1 Icons/3/Skillicon3_29.png,source-pack,32,32,,,240,f26a7c79a4d5f232f8ee3d26b4dac2c2e1c9a6388739d9b1bc20afb0f4101e07,unverified / source variant,
assets/icons/new icons/Free-Skill-32x32-Icons-for-Cyberpunk-Game/1 Icons/3/Skillicon3_30.png,source-pack,32,32,,,186,208d091a90b7b4c936f1a9589e3d865a3880751ef1b8cd106dcc64faa195eea9,unverified / source variant,
assets/icons/new icons/Free-Skill-32x32-Icons-for-Cyberpunk-Game/1 Icons/3/Skillicon3_31.png,source-pack,32,32,,,246,87f1b8d1db907ffc2399fd5430de00c08dca470d44feaf5b3a3bc890c17675ec,unverified / source variant,
assets/icons/new icons/Free-Skill-32x32-Icons-for-Cyberpunk-Game/1 Icons/3/Skillicon3_32.png,source-pack,32,32,,,221,b4ea705fd445863c674a071d675f579884a2091f6741d0a8478e355a7ccb2ff1,unverified / source variant,
assets/icons/new icons/Free-Skill-32x32-Icons-for-Cyberpunk-Game/1 Icons/3/Skillicon3_33.png,source-pack,32,32,,,196,72c1599e40083fcdfbfe593cb713c2048eaf9536336079ee74fe4577d19796f9,unverified / source variant,
assets/icons/new icons/Free-Skill-32x32-Icons-for-Cyberpunk-Game/1 Icons/3/Skillicon3_34.png,source-pack,32,32,,,249,5432f088b47acb076f33b30fb0d1545ac299f98439571c75762430fb77784706,unverified / source variant,
assets/icons/new icons/Free-Skill-32x32-Icons-for-Cyberpunk-Game/1 Icons/3/Skillicon3_35.png,source-pack,32,32,,,208,2289707fcec530e174395fc30084a7b63cc2e4eed9f630e10207eae93ee9abc6,unverified / source variant,
assets/icons/new icons/Free-Skill-32x32-Icons-for-Cyberpunk-Game/1 Icons/3/Skillicon3_36.png,source-pack,32,32,,,222,d4714e40b03a164145929743d073038985531060a179af45ca27c843ca1a2ed5,unverified / source variant,
assets/icons/new icons/Free-Skill-32x32-Icons-for-Cyberpunk-Game/1 Icons/3/Skillicon3_37.png,source-pack,32,32,,,217,a37458f631cb1fc3452a38d1a8ccc680870e70ced1fadd59c5d2bcb2004cc5d7,unverified / source variant,
assets/icons/new icons/Free-Skill-32x32-Icons-for-Cyberpunk-Game/1 Icons/3/Skillicon3_38.png,source-pack,32,32,,,215,76f77118b98a02d9d4fbecf6d76bdfc5a009053d507a573c0d750beea80c2922,unverified / source variant,
assets/icons/new icons/Free-Skill-32x32-Icons-for-Cyberpunk-Game/1 Icons/3/Skillicon3_39.png,source-pack,32,32,,,219,7d4c2cb9cedcdf589796d9cf8f755f8de19c30739d5109a6a41892cde02408eb,unverified / source variant,
assets/icons/new icons/Free-Skill-32x32-Icons-for-Cyberpunk-Game/1 Icons/3/Skillicon3_40.png,source-pack,32,32,,,221,7cf6afc30c25d83b655ef32166864fc7efe35329f7db85e28d5a5acd6543c3f6,unverified / source variant,
assets/icons/new icons/Free-Skill-32x32-Icons-for-Cyberpunk-Game/1 Icons/4/Skillicon4_01.png,source-pack,32,32,,,201,205ccde3441f310015bd35fbd4180b05e90b9e6230d62077141ca9bff526c446,unverified / source variant,
assets/icons/new icons/Free-Skill-32x32-Icons-for-Cyberpunk-Game/1 Icons/4/Skillicon4_02.png,source-pack,32,32,,,201,05046b7efbaebc45a446f4e3749a1550840f0cc25bdb8317dbeeb797ad05763e,unverified / source variant,
assets/icons/new icons/Free-Skill-32x32-Icons-for-Cyberpunk-Game/1 Icons/4/Skillicon4_03.png,source-pack,32,32,,,233,8a907691468c0e4295064c09f22021a2cd60650e0d7fda75d9e2af76e5fbaf98,unverified / source variant,
assets/icons/new icons/Free-Skill-32x32-Icons-for-Cyberpunk-Game/1 Icons/4/Skillicon4_04.png,source-pack,32,32,,,225,8c303e9f152295246721534ced12da13679241f0340fac1b00bb27daaecba0e7,unverified / source variant,
assets/icons/new icons/Free-Skill-32x32-Icons-for-Cyberpunk-Game/1 Icons/4/Skillicon4_05.png,source-pack,32,32,,,221,5191ae48c61d330ed42e01620b6dd206504d665c728f1a85148e1c10fac23647,unverified / source variant,
assets/icons/new icons/Free-Skill-32x32-Icons-for-Cyberpunk-Game/1 Icons/4/Skillicon4_06.png,source-pack,32,32,,,230,12bfad0ba62c4fc146cbb2b57909960501115039e37c838841bdf8e2417b7299,unverified / source variant,
assets/icons/new icons/Free-Skill-32x32-Icons-for-Cyberpunk-Game/1 Icons/4/Skillicon4_07.png,source-pack,32,32,,,236,9754d946601981f5a0e09bf75bc7b836505bca165a7362c0221f1f7aa654c247,unverified / source variant,
assets/icons/new icons/Free-Skill-32x32-Icons-for-Cyberpunk-Game/1 Icons/4/Skillicon4_08.png,source-pack,32,32,,,195,862071699607589fb6b50bb0031898f81f10f3ace30023a5108288b4b90f95ac,unverified / source variant,
assets/icons/new icons/Free-Skill-32x32-Icons-for-Cyberpunk-Game/1 Icons/4/Skillicon4_09.png,source-pack,32,32,,,207,3409e7d17d35ec76c12d713dbab1657610392cb0c0dd43b9dd8fe98c3e98ea54,unverified / source variant,
assets/icons/new icons/Free-Skill-32x32-Icons-for-Cyberpunk-Game/1 Icons/4/Skillicon4_10.png,source-pack,32,32,,,174,8fd06bd3d30fef385e6df9a53a0052cc5f44e502bae8c7e9aeeba6c236fdd76d,unverified / source variant,
assets/icons/new icons/Free-Skill-32x32-Icons-for-Cyberpunk-Game/1 Icons/4/Skillicon4_11.png,source-pack,32,32,,,165,83ed65b9754f8858df155838aab99ffad6521e8189c7dd47f4e9207382b785b1,unverified / source variant,
assets/icons/new icons/Free-Skill-32x32-Icons-for-Cyberpunk-Game/1 Icons/4/Skillicon4_12.png,source-pack,32,32,,,257,2e36e56de8ef2829d69a4444f2d39f135b7706a1d0e34e8049d868a9f69fafd9,unverified / source variant,
assets/icons/new icons/Free-Skill-32x32-Icons-for-Cyberpunk-Game/1 Icons/4/Skillicon4_13.png,source-pack,32,32,,,228,1f349fd83772fa60b2c2df8d5c8791d2523a5dadd93a43e04b89fe62bfa00631,unverified / source variant,
assets/icons/new icons/Free-Skill-32x32-Icons-for-Cyberpunk-Game/1 Icons/4/Skillicon4_14.png,source-pack,32,32,,,205,2385ac2f180003abee7b7773a34d22414862f5967722b32de0e1c338a8d3b33d,unverified / source variant,
assets/icons/new icons/Free-Skill-32x32-Icons-for-Cyberpunk-Game/1 Icons/4/Skillicon4_15.png,source-pack,32,32,,,224,19164918d5535cd1faaa35305615212fac4b736230eadf699d2609b2e6fbaca1,unverified / source variant,
assets/icons/new icons/Free-Skill-32x32-Icons-for-Cyberpunk-Game/1 Icons/4/Skillicon4_16.png,source-pack,32,32,,,219,022fd74a2d981c11f53763835644fb96cfd5e372bf24dd73dbca5cdf17f956fa,unverified / source variant,
assets/icons/new icons/Free-Skill-32x32-Icons-for-Cyberpunk-Game/1 Icons/4/Skillicon4_17.png,source-pack,32,32,,,223,2cc519f6cff1d682425ccf7cd4b6c95c87fc89a95e84be5a5a8163301c499a82,unverified / source variant,
assets/icons/new icons/Free-Skill-32x32-Icons-for-Cyberpunk-Game/1 Icons/4/Skillicon4_18.png,source-pack,32,32,,,249,4c0f428b512b88eb0eec2e2caa8ca2506548fa0570bcb9c204c3714271618e27,unverified / source variant,
assets/icons/new icons/Free-Skill-32x32-Icons-for-Cyberpunk-Game/1 Icons/4/Skillicon4_19.png,source-pack,32,32,,,230,4a39ddf7a965a7787e08898fd924bfbe3bb95f1bef540e1a28f164809dff2f85,unverified / source variant,
assets/icons/new icons/Free-Skill-32x32-Icons-for-Cyberpunk-Game/1 Icons/4/Skillicon4_20.png,source-pack,32,32,,,251,3b599eb2cc226578d685fc69f443539729e525919584796337d8ac15776abfbf,unverified / source variant,
assets/icons/new icons/Free-Skill-32x32-Icons-for-Cyberpunk-Game/1 Icons/4/Skillicon4_21.png,source-pack,32,32,,,236,5f29e41b4e3b860ded1b7cb1381402ec38dfc981d664091313dc945afd012b3c,unverified / source variant,
assets/icons/new icons/Free-Skill-32x32-Icons-for-Cyberpunk-Game/1 Icons/4/Skillicon4_22.png,source-pack,32,32,,,246,afce8982ad9aa2c8e29ec97b680220ec9566b4ddf8cc4567e626bf34c42458ca,unverified / source variant,
assets/icons/new icons/Free-Skill-32x32-Icons-for-Cyberpunk-Game/1 Icons/4/Skillicon4_23.png,source-pack,32,32,,,233,200e19e575792572dc97c8030b7905a642dd58cb90bae0fae0c8136feaacecdf,unverified / source variant,
assets/icons/new icons/Free-Skill-32x32-Icons-for-Cyberpunk-Game/1 Icons/4/Skillicon4_24.png,source-pack,32,32,,,221,0af533df0b900a1ff93f66ee4866bfe3a30fbe4f9965874fc8e699d240357a2c,unverified / source variant,
assets/icons/new icons/Free-Skill-32x32-Icons-for-Cyberpunk-Game/1 Icons/4/Skillicon4_25.png,source-pack,32,32,,,226,6a2151ce7c1d02eb9370c404bddb2d2668074721ab956e0a4a08af68c3925795,unverified / source variant,
assets/icons/new icons/Free-Skill-32x32-Icons-for-Cyberpunk-Game/1 Icons/4/Skillicon4_26.png,source-pack,32,32,,,228,98d6fdcb49526786aecb5d06de336e33e7eb59455e4b01ab3a9354d593f66b6d,unverified / source variant,
assets/icons/new icons/Free-Skill-32x32-Icons-for-Cyberpunk-Game/1 Icons/4/Skillicon4_27.png,source-pack,32,32,,,229,bffcf6319a341c7aadb733a73f59f0d114cd4591f53a0f14db74ef7ffcf3cdb7,unverified / source variant,
assets/icons/new icons/Free-Skill-32x32-Icons-for-Cyberpunk-Game/1 Icons/4/Skillicon4_28.png,source-pack,32,32,,,208,a16609053753a309f8df931a369b28bea85819e5369397a0d8c2e18b1739bc86,unverified / source variant,
assets/icons/new icons/Free-Skill-32x32-Icons-for-Cyberpunk-Game/1 Icons/4/Skillicon4_29.png,source-pack,32,32,,,240,fb8ad501fff2464af8d731febcf15eeaa8dc9adf76e1e8a456e2146bf903d94b,unverified / source variant,
assets/icons/new icons/Free-Skill-32x32-Icons-for-Cyberpunk-Game/1 Icons/4/Skillicon4_30.png,source-pack,32,32,,,186,e1d6d3597a5edb7fb0a1cb6b167be7fb7d1acf762721615a9aebc097e291e1f6,unverified / source variant,
assets/icons/new icons/Free-Skill-32x32-Icons-for-Cyberpunk-Game/1 Icons/4/Skillicon4_31.png,source-pack,32,32,,,246,86e7014de344f97e628bff1ecaddbf29a452516c27fac98ad7d064c815e59e32,unverified / source variant,
assets/icons/new icons/Free-Skill-32x32-Icons-for-Cyberpunk-Game/1 Icons/4/Skillicon4_32.png,source-pack,32,32,,,221,595fd6aeb581fcc10954e2d1e9ff6a4d2f2fa953ce0a1392c3f65ec7185485cf,unverified / source variant,
assets/icons/new icons/Free-Skill-32x32-Icons-for-Cyberpunk-Game/1 Icons/4/Skillicon4_33.png,source-pack,32,32,,,196,08476a27790c42caf09172be4cbcd3e0edac34b82e46ba4272c610b611f4ea3f,unverified / source variant,
assets/icons/new icons/Free-Skill-32x32-Icons-for-Cyberpunk-Game/1 Icons/4/Skillicon4_34.png,source-pack,32,32,,,249,9030bfcb55d1f914d3d7980f3028d803fafad60a97b0c621c10468cafb1648c3,unverified / source variant,
assets/icons/new icons/Free-Skill-32x32-Icons-for-Cyberpunk-Game/1 Icons/4/Skillicon4_35.png,source-pack,32,32,,,208,e60171693b4ef39a901c3f22a42f64a60c748016abf85f8b688d743fc95d423b,unverified / source variant,
assets/icons/new icons/Free-Skill-32x32-Icons-for-Cyberpunk-Game/1 Icons/4/Skillicon4_36.png,source-pack,32,32,,,222,43e2913f54d0b3fbd5c68a4a13b2c5b11d8b7565e57764850e596cc1c6f731ed,unverified / source variant,
assets/icons/new icons/Free-Skill-32x32-Icons-for-Cyberpunk-Game/1 Icons/4/Skillicon4_37.png,source-pack,32,32,,,217,3ed5c7f0cd8d028b1719c70b513db2b8ecbb5ddcae66fef79b119ada1bb44eb3,unverified / source variant,
assets/icons/new icons/Free-Skill-32x32-Icons-for-Cyberpunk-Game/1 Icons/4/Skillicon4_38.png,source-pack,32,32,,,215,70e2a93d234cc032dbeda754de40587851394d4ba9450e0a52990f91c616f5ea,unverified / source variant,
assets/icons/new icons/Free-Skill-32x32-Icons-for-Cyberpunk-Game/1 Icons/4/Skillicon4_39.png,source-pack,32,32,,,219,ea31ee9f382dfe215a1b970f907a51c5249e94bd46a674acdc94bc0bdd63fb7a,unverified / source variant,
assets/icons/new icons/Free-Skill-32x32-Icons-for-Cyberpunk-Game/1 Icons/4/Skillicon4_40.png,source-pack,32,32,,,221,c9316a1bb10fbfb622f8104a35e219a69c021c8bef47f78741a18eb1168f0e98,unverified / source variant,
assets/icons/new icons/Free-Skill-32x32-Icons-for-Cyberpunk-Game/1 Icons/5/Skillicon5_01.png,source-pack,32,32,,,1083,be33c80a276aef1da30c5d37fc503f572632c7c9ac9e67b3ce1bc747c08a685a,unverified / source variant,
assets/icons/new icons/Free-Skill-32x32-Icons-for-Cyberpunk-Game/1 Icons/5/Skillicon5_02.png,source-pack,32,32,,,1083,d419fcb1b7271027e615635c1de191965d80137caf88972b90e621767a390e0e,unverified / source variant,
assets/icons/new icons/Free-Skill-32x32-Icons-for-Cyberpunk-Game/1 Icons/5/Skillicon5_03.png,source-pack,32,32,,,1115,5e730ea4befa0b2996b4e86728073d4528e2077280ea51202afe5922f6a01cba,unverified / source variant,
assets/icons/new icons/Free-Skill-32x32-Icons-for-Cyberpunk-Game/1 Icons/5/Skillicon5_04.png,source-pack,32,32,,,1107,6e139f26a6a470d1214ce1f6eacc66149b64bfd39f40c513399ec512571e9e80,unverified / source variant,
assets/icons/new icons/Free-Skill-32x32-Icons-for-Cyberpunk-Game/1 Icons/5/Skillicon5_05.png,source-pack,32,32,,,1103,effc82ccf603a94535940d79139ebfe3fd5e251ef5b7d9d1a310415220305b28,unverified / source variant,
assets/icons/new icons/Free-Skill-32x32-Icons-for-Cyberpunk-Game/1 Icons/5/Skillicon5_06.png,source-pack,32,32,,,1112,f9b94ce2b6416303ed6bc3e9fd0d397a9a3b269fc949187d2334cbaca6328ae0,unverified / source variant,
assets/icons/new icons/Free-Skill-32x32-Icons-for-Cyberpunk-Game/1 Icons/5/Skillicon5_07.png,source-pack,32,32,,,1118,10fea4a825b24dd1a2e0e6648f95967842eda494582215254c0c65f58b939e4e,unverified / source variant,
assets/icons/new icons/Free-Skill-32x32-Icons-for-Cyberpunk-Game/1 Icons/5/Skillicon5_08.png,source-pack,32,32,,,1077,8d9f70a519bc769a14f975a7101faee9001769133f31448fd2e515cf72d10295,unverified / source variant,
assets/icons/new icons/Free-Skill-32x32-Icons-for-Cyberpunk-Game/1 Icons/5/Skillicon5_09.png,source-pack,32,32,,,1089,3e8ce5e35ab610754dbee2d91ab6a3ef14af383d3716aba4ed513cc3fb629330,unverified / source variant,
assets/icons/new icons/Free-Skill-32x32-Icons-for-Cyberpunk-Game/1 Icons/5/Skillicon5_10.png,source-pack,32,32,,,1056,a3816c62c0d5aae975961aed255c8ce11282b3ed32ea430048b3ca16cc7c40f5,unverified / source variant,
assets/icons/new icons/Free-Skill-32x32-Icons-for-Cyberpunk-Game/1 Icons/5/Skillicon5_11.png,source-pack,32,32,,,1047,6877267d66bd7a68cefb9084fcdc84a3c2bbec8eefb117f50f921406b84b7fba,unverified / source variant,
assets/icons/new icons/Free-Skill-32x32-Icons-for-Cyberpunk-Game/1 Icons/5/Skillicon5_12.png,source-pack,32,32,,,1139,52fe56c97123c77956c65131dc09a28efb5ea7af1f319f068d1394e62db99a05,unverified / source variant,
assets/icons/new icons/Free-Skill-32x32-Icons-for-Cyberpunk-Game/1 Icons/5/Skillicon5_13.png,source-pack,32,32,,,1110,2d83776dbb0de54b91c350f35fb2e6683132346f19bffea52cf3ff9709a619a9,unverified / source variant,
assets/icons/new icons/Free-Skill-32x32-Icons-for-Cyberpunk-Game/1 Icons/5/Skillicon5_14.png,source-pack,32,32,,,1087,df330c0559c00fe22b335b5c53b7943038afee3525d65f92eb09a3cb5e07cc64,unverified / source variant,
assets/icons/new icons/Free-Skill-32x32-Icons-for-Cyberpunk-Game/1 Icons/5/Skillicon5_15.png,source-pack,32,32,,,1106,0159689fbe2ccdb413bffd7aa674600e896fb7edaeb9764ef190171e738b4c4d,unverified / source variant,
assets/icons/new icons/Free-Skill-32x32-Icons-for-Cyberpunk-Game/1 Icons/5/Skillicon5_16.png,source-pack,32,32,,,1101,aa639d55a815eee3842431a16b00f5a2e081c5bf47bb8b867fc41c1b374bb342,unverified / source variant,
assets/icons/new icons/Free-Skill-32x32-Icons-for-Cyberpunk-Game/1 Icons/5/Skillicon5_17.png,source-pack,32,32,,,1105,cfebca14ec606a560283625363ba9c7b2bd045b0cac32eefa1ff1e977dc464b8,unverified / source variant,
assets/icons/new icons/Free-Skill-32x32-Icons-for-Cyberpunk-Game/1 Icons/5/Skillicon5_18.png,source-pack,32,32,,,1131,2f27a426efa761ba1c7c1744e1c5d42a8a08788a666395fbbbf76f8fde8fd7c1,unverified / source variant,
assets/icons/new icons/Free-Skill-32x32-Icons-for-Cyberpunk-Game/1 Icons/5/Skillicon5_19.png,source-pack,32,32,,,1112,c5b12ccdd7c689f4ef96cc749bc55553b04d0c6d9ae1dad4b2b86343d1b94fa8,unverified / source variant,
assets/icons/new icons/Free-Skill-32x32-Icons-for-Cyberpunk-Game/1 Icons/5/Skillicon5_20.png,source-pack,32,32,,,1133,936dd3961dc191272d719e7ba26384fd163de10982af3ec137e1e3b65a4b0692,unverified / source variant,
assets/icons/new icons/Free-Skill-32x32-Icons-for-Cyberpunk-Game/1 Icons/5/Skillicon5_21.png,source-pack,32,32,,,1118,ca68a7ff41276ad241fdfc7cf31b8b50e3ce4abef05e41fd6247d4e4e873c123,unverified / source variant,
assets/icons/new icons/Free-Skill-32x32-Icons-for-Cyberpunk-Game/1 Icons/5/Skillicon5_22.png,source-pack,32,32,,,1128,39510f92fd8db7fc7050d124a2d876db74c1499174071633e4f8a1b6ed064c6c,unverified / source variant,
assets/icons/new icons/Free-Skill-32x32-Icons-for-Cyberpunk-Game/1 Icons/5/Skillicon5_23.png,source-pack,32,32,,,1115,51459c5a600ef54a43c681949b1790e68ac171488327e2e731cd0276f2250ddc,unverified / source variant,
assets/icons/new icons/Free-Skill-32x32-Icons-for-Cyberpunk-Game/1 Icons/5/Skillicon5_24.png,source-pack,32,32,,,1103,7d86e65c3d7fe46eeec5d4c14985d52a37aa16576f22bc02b3eaf5d22fb683cd,unverified / source variant,
assets/icons/new icons/Free-Skill-32x32-Icons-for-Cyberpunk-Game/1 Icons/5/Skillicon5_25.png,source-pack,32,32,,,1108,f2fc861c395e5a71f2dc348a6c0e7897ca050fe8003c35c66cf22b9d377ba047,unverified / source variant,
assets/icons/new icons/Free-Skill-32x32-Icons-for-Cyberpunk-Game/1 Icons/5/Skillicon5_26.png,source-pack,32,32,,,1110,3306237b47382f0d307920295b7bd1b1a1a099b32921f9ca0beebfe6e27ae677,unverified / source variant,
assets/icons/new icons/Free-Skill-32x32-Icons-for-Cyberpunk-Game/1 Icons/5/Skillicon5_27.png,source-pack,32,32,,,1111,e53aa1de535871fdc442cca4eef856653b01df515c9c0633f01c3286f2975de0,unverified / source variant,
assets/icons/new icons/Free-Skill-32x32-Icons-for-Cyberpunk-Game/1 Icons/5/Skillicon5_28.png,source-pack,32,32,,,1090,17878514da3d0c5ab0720f9361cd72859f7cb241ebce70e05f3520970c47627c,unverified / source variant,
assets/icons/new icons/Free-Skill-32x32-Icons-for-Cyberpunk-Game/1 Icons/5/Skillicon5_29.png,source-pack,32,32,,,1122,81822cba90120d3b11d24306f942581604fb72eec78ea360544f8b91b8391978,unverified / source variant,
assets/icons/new icons/Free-Skill-32x32-Icons-for-Cyberpunk-Game/1 Icons/5/Skillicon5_30.png,source-pack,32,32,,,1068,7b37c62e54da657944a29c7fbc709cb73088f8dbfb63a2614b0ef804c1299ff6,unverified / source variant,
assets/icons/new icons/Free-Skill-32x32-Icons-for-Cyberpunk-Game/1 Icons/5/Skillicon5_31.png,source-pack,32,32,,,1128,1ca2845f560e3861857d85f2cca3078c265668514676cde22d64292ff271ab19,unverified / source variant,
assets/icons/new icons/Free-Skill-32x32-Icons-for-Cyberpunk-Game/1 Icons/5/Skillicon5_32.png,source-pack,32,32,,,1103,8ad6d575e0de98c33ca0e256c51190c99d87eccb76f6d0b9578dfdfd2305ff3e,unverified / source variant,
assets/icons/new icons/Free-Skill-32x32-Icons-for-Cyberpunk-Game/1 Icons/5/Skillicon5_33.png,source-pack,32,32,,,1078,7e692beac5da6b42ba6f483e6a150d659931daa80ae59f352152235a117f9e2e,unverified / source variant,
assets/icons/new icons/Free-Skill-32x32-Icons-for-Cyberpunk-Game/1 Icons/5/Skillicon5_34.png,source-pack,32,32,,,1131,af9e19fe9845abe64ab818d77f735f2e6af956d22b37330a5fed534a5251a858,unverified / source variant,
assets/icons/new icons/Free-Skill-32x32-Icons-for-Cyberpunk-Game/1 Icons/5/Skillicon5_35.png,source-pack,32,32,,,1090,fa654f9f178de23450054e3291d5ce8443111ddeb2346abff0a1c55b88fe5b19,unverified / source variant,
assets/icons/new icons/Free-Skill-32x32-Icons-for-Cyberpunk-Game/1 Icons/5/Skillicon5_36.png,source-pack,32,32,,,1104,ebaec334c2675c72207880220889c3e51e6daaf493d298b4b199cc83a223ad50,unverified / source variant,
assets/icons/new icons/Free-Skill-32x32-Icons-for-Cyberpunk-Game/1 Icons/5/Skillicon5_37.png,source-pack,32,32,,,1099,aeb8e84234dc6272113783d9be9428bd26f975ca1a716c60e6ea22274c2d24e5,unverified / source variant,
assets/icons/new icons/Free-Skill-32x32-Icons-for-Cyberpunk-Game/1 Icons/5/Skillicon5_38.png,source-pack,32,32,,,1097,ea9aaea9299e187c0814001801960964538503253db5ac408e8758c1d42d85df,unverified / source variant,
assets/icons/new icons/Free-Skill-32x32-Icons-for-Cyberpunk-Game/1 Icons/5/Skillicon5_39.png,source-pack,32,32,,,1101,8a259aa769f49782aa00979d90f9cb15535b101d546bea98a319cbc98b45935f,unverified / source variant,
assets/icons/new icons/Free-Skill-32x32-Icons-for-Cyberpunk-Game/1 Icons/5/Skillicon5_40.png,source-pack,32,32,,,1103,bfcc8a951054e4fe654edd9760d20d4fa55216cb1195b4b14f519ce22fa45fe2,unverified / source variant,
assets/icons/new icons/Free-Skill-32x32-Icons-for-Cyberpunk-Game/1 Icons/6/Skillicon6_01.png,source-pack,32,32,,,201,a061318ff899c848f9f5ffeadd7e8657a12ddef24c4ed28d81af603c4c97de44,unverified / source variant,
assets/icons/new icons/Free-Skill-32x32-Icons-for-Cyberpunk-Game/1 Icons/6/Skillicon6_02.png,source-pack,32,32,,,201,1d18335451a86d4c2ca6ae6c535e75c5106a97e06f1ce7eb029c29602f28afca,unverified / source variant,
assets/icons/new icons/Free-Skill-32x32-Icons-for-Cyberpunk-Game/1 Icons/6/Skillicon6_03.png,source-pack,32,32,,,233,98638ff571074bcd7bf6c1cc7f890b5b36ec6f5b279615465d5404e41850f16b,unverified / source variant,
assets/icons/new icons/Free-Skill-32x32-Icons-for-Cyberpunk-Game/1 Icons/6/Skillicon6_04.png,source-pack,32,32,,,225,06d1ce2942d19ad11c95dd66c5c40e52fe9d8d2f6ec15d38f6dcf5bfd5502dec,unverified / source variant,
assets/icons/new icons/Free-Skill-32x32-Icons-for-Cyberpunk-Game/1 Icons/6/Skillicon6_05.png,source-pack,32,32,,,221,df4b7e85aa21a1018833e8eddc5fbeef4dd8b2a92324949255a81f2d70a7f533,unverified / source variant,
assets/icons/new icons/Free-Skill-32x32-Icons-for-Cyberpunk-Game/1 Icons/6/Skillicon6_06.png,source-pack,32,32,,,230,f548bf3cdd3520bd2f6f4aa50952e664e39b66977bf785607a537e21b1706801,unverified / source variant,
assets/icons/new icons/Free-Skill-32x32-Icons-for-Cyberpunk-Game/1 Icons/6/Skillicon6_07.png,source-pack,32,32,,,236,fc7e3ffa8da6f0dc7a595471b3792039f81296013a3f26f0362013d26247b7ff,unverified / source variant,
assets/icons/new icons/Free-Skill-32x32-Icons-for-Cyberpunk-Game/1 Icons/6/Skillicon6_08.png,source-pack,32,32,,,195,bf050a10731de9fab9b11e48b1ca274f838b6bb731bcf85e1fbf253837ba4073,unverified / source variant,
assets/icons/new icons/Free-Skill-32x32-Icons-for-Cyberpunk-Game/1 Icons/6/Skillicon6_09.png,source-pack,32,32,,,207,9256b430f721966c16c687cbef4cf6d4ddb935f2ebc87df56ebcc676a93a1293,unverified / source variant,
assets/icons/new icons/Free-Skill-32x32-Icons-for-Cyberpunk-Game/1 Icons/6/Skillicon6_10.png,source-pack,32,32,,,174,16d5664bb02bf799e68b9c97f2c6abd8c8c3dc1df26276922e69b3c4b326c245,unverified / source variant,
assets/icons/new icons/Free-Skill-32x32-Icons-for-Cyberpunk-Game/1 Icons/6/Skillicon6_11.png,source-pack,32,32,,,165,847e5ee2a3f8cac0ffdbe8b4a9f43e6377d8fff0146a11bd1478fe88476eed52,unverified / source variant,
assets/icons/new icons/Free-Skill-32x32-Icons-for-Cyberpunk-Game/1 Icons/6/Skillicon6_12.png,source-pack,32,32,,,257,38b722e1edfd15dd1fa4a9c08922dbbfec9300c08783aa453ad5d314b6322195,unverified / source variant,
assets/icons/new icons/Free-Skill-32x32-Icons-for-Cyberpunk-Game/1 Icons/6/Skillicon6_13.png,source-pack,32,32,,,228,e9e09fdbed33eefb1942f92daae1db1e53a781ae4999cfcbf7ea1ee0f0a3f19f,unverified / source variant,
assets/icons/new icons/Free-Skill-32x32-Icons-for-Cyberpunk-Game/1 Icons/6/Skillicon6_14.png,source-pack,32,32,,,205,45b82d7ec68fa23094dd948afb9943f243a6032d5eec347f736a0dc9b6cab9ef,unverified / source variant,
assets/icons/new icons/Free-Skill-32x32-Icons-for-Cyberpunk-Game/1 Icons/6/Skillicon6_15.png,source-pack,32,32,,,224,00ced61a85118e1224ba3fa8cd090a5c879759ae4ce26434c5a2748613402d32,unverified / source variant,
assets/icons/new icons/Free-Skill-32x32-Icons-for-Cyberpunk-Game/1 Icons/6/Skillicon6_16.png,source-pack,32,32,,,219,c01024779d6370981d27ce0fbeddbceca7e81df6a2cb02eca96bb465e1e795b3,unverified / source variant,
assets/icons/new icons/Free-Skill-32x32-Icons-for-Cyberpunk-Game/1 Icons/6/Skillicon6_17.png,source-pack,32,32,,,223,659f3fda2bf2d9a045642e6b794443f542f9eae7492d2d2d0b2f6f46ee3632a5,unverified / source variant,
assets/icons/new icons/Free-Skill-32x32-Icons-for-Cyberpunk-Game/1 Icons/6/Skillicon6_18.png,source-pack,32,32,,,249,2691defbb9d47297e9a94db27e3f378dae8f8e89c4d8bbf86947b54345cf99a8,unverified / source variant,
assets/icons/new icons/Free-Skill-32x32-Icons-for-Cyberpunk-Game/1 Icons/6/Skillicon6_19.png,source-pack,32,32,,,230,72295513d110c73f06116857e5ede77147cf1350d96202c62305a39f7b20ed2a,unverified / source variant,
assets/icons/new icons/Free-Skill-32x32-Icons-for-Cyberpunk-Game/1 Icons/6/Skillicon6_20.png,source-pack,32,32,,,251,03ac3dff3b5f8b1e2965b2d725edb6584d2d786ebab1b0b2ae1ee0c61cb1b8ea,unverified / source variant,
assets/icons/new icons/Free-Skill-32x32-Icons-for-Cyberpunk-Game/1 Icons/6/Skillicon6_21.png,source-pack,32,32,,,236,02bdd276aeb3e9c6654b69118fae1a87ef76706cb835ef29e119d974c41ef5f3,unverified / source variant,
assets/icons/new icons/Free-Skill-32x32-Icons-for-Cyberpunk-Game/1 Icons/6/Skillicon6_22.png,source-pack,32,32,,,246,49bfc8adadad5db132bf3a9d7714b8f4e3a1ad0f052c0d83f3725d04bfac60c1,unverified / source variant,
assets/icons/new icons/Free-Skill-32x32-Icons-for-Cyberpunk-Game/1 Icons/6/Skillicon6_23.png,source-pack,32,32,,,233,0b978e9f0b466b967847d47b459b458bb3cfeea0414cb83edb2caa3b7f151ed1,unverified / source variant,
assets/icons/new icons/Free-Skill-32x32-Icons-for-Cyberpunk-Game/1 Icons/6/Skillicon6_24.png,source-pack,32,32,,,221,d978b3dcb702ae2d69a4709a573cfcc05e09ca5a90f21e5e4d8801bf41c3c2f8,unverified / source variant,
assets/icons/new icons/Free-Skill-32x32-Icons-for-Cyberpunk-Game/1 Icons/6/Skillicon6_25.png,source-pack,32,32,,,226,be2f57e41c74f1cd1cb54b16f575f25d2059680884fa1fce40a2f99a6fc22c5d,unverified / source variant,
assets/icons/new icons/Free-Skill-32x32-Icons-for-Cyberpunk-Game/1 Icons/6/Skillicon6_26.png,source-pack,32,32,,,228,dd3e5d68971560eccb4802b9a853bd2e7e8c4bd5f7f290b0adb59f7325de8e46,unverified / source variant,
assets/icons/new icons/Free-Skill-32x32-Icons-for-Cyberpunk-Game/1 Icons/6/Skillicon6_27.png,source-pack,32,32,,,229,ff4836b6f83dc8bd2fc085a9716f821d6dae1176cb17b9e93eeb0dab7e720bc4,unverified / source variant,
assets/icons/new icons/Free-Skill-32x32-Icons-for-Cyberpunk-Game/1 Icons/6/Skillicon6_28.png,source-pack,32,32,,,208,fe350cf1c06a45a13b3423204443b99d854212aba2def4183a609c1cac67bd47,unverified / source variant,
assets/icons/new icons/Free-Skill-32x32-Icons-for-Cyberpunk-Game/1 Icons/6/Skillicon6_29.png,source-pack,32,32,,,240,eb3b6d9b1a79d5cf059323c11ee81fe95884a49bdb220883958c56459ee3ea59,unverified / source variant,
assets/icons/new icons/Free-Skill-32x32-Icons-for-Cyberpunk-Game/1 Icons/6/Skillicon6_30.png,source-pack,32,32,,,186,07c4c371093ca156d203666d00349fddd373563a1d0085e1384f4a8737c07666,unverified / source variant,
assets/icons/new icons/Free-Skill-32x32-Icons-for-Cyberpunk-Game/1 Icons/6/Skillicon6_31.png,source-pack,32,32,,,246,37cc7cba64efda7557d2e4818d9d0912648555a5c4ad3a91a3bed8ef267d4c2b,unverified / source variant,
assets/icons/new icons/Free-Skill-32x32-Icons-for-Cyberpunk-Game/1 Icons/6/Skillicon6_32.png,source-pack,32,32,,,221,62aee3327200c59955267e12445d3cdd4cec1e6a4ee196a7eb10ece515474014,unverified / source variant,
assets/icons/new icons/Free-Skill-32x32-Icons-for-Cyberpunk-Game/1 Icons/6/Skillicon6_33.png,source-pack,32,32,,,196,7452f419c0673355637e57a8f78912f092ba33ca72db687794e5b4daf50f7229,unverified / source variant,
assets/icons/new icons/Free-Skill-32x32-Icons-for-Cyberpunk-Game/1 Icons/6/Skillicon6_34.png,source-pack,32,32,,,249,c8919575d5afc641bdeb36473fb91501ad479f91311dbd89dfc6a71b76da3dcb,unverified / source variant,
assets/icons/new icons/Free-Skill-32x32-Icons-for-Cyberpunk-Game/1 Icons/6/Skillicon6_35.png,source-pack,32,32,,,208,e2b7475c6d141763cb1a1be1997b2c44f905eabe6cb1b8ea8a81d335a1425b47,unverified / source variant,
assets/icons/new icons/Free-Skill-32x32-Icons-for-Cyberpunk-Game/1 Icons/6/Skillicon6_36.png,source-pack,32,32,,,222,71defb877cb8f94e2ca61ac678ebdf82dc48640ed005b9b7ce838895d431d0eb,unverified / source variant,
assets/icons/new icons/Free-Skill-32x32-Icons-for-Cyberpunk-Game/1 Icons/6/Skillicon6_37.png,source-pack,32,32,,,217,713165094a41dd4df98ed51d9e8816d1176bbeb9fd06a85179043edd9d4ea367,unverified / source variant,
assets/icons/new icons/Free-Skill-32x32-Icons-for-Cyberpunk-Game/1 Icons/6/Skillicon6_38.png,source-pack,32,32,,,215,e77a5f77da483374a5f5c0ffce0898ed4827ba91381f44ebd3b1099549cba0e1,unverified / source variant,
assets/icons/new icons/Free-Skill-32x32-Icons-for-Cyberpunk-Game/1 Icons/6/Skillicon6_39.png,source-pack,32,32,,,219,c4cf2815e3fe065ef20f7645c0ab8df5b58e25b5b6d95c5d8026f4f5ef31743e,unverified / source variant,
assets/icons/new icons/Free-Skill-32x32-Icons-for-Cyberpunk-Game/1 Icons/6/Skillicon6_40.png,source-pack,32,32,,,221,72728a6f9d424b978d592cc4d2a24b9200c3ae9f5986bbf8a6441be8d948c980,unverified / source variant,
assets/icons/new icons/Free-Skill-32x32-Icons-for-Cyberpunk-Game/1 Icons/7/Skillicon7_01.png,source-pack,32,32,,,201,7babc25b9fb9b0574ade85901b2d1644d4254fcc43bb73866fc990b0e18d157b,unverified / source variant,
assets/icons/new icons/Free-Skill-32x32-Icons-for-Cyberpunk-Game/1 Icons/7/Skillicon7_02.png,source-pack,32,32,,,201,dfa66030d07fdf04c13e0b24af8d0de15b628f0ac6b013a7065d37c59e97b587,unverified / source variant,
assets/icons/new icons/Free-Skill-32x32-Icons-for-Cyberpunk-Game/1 Icons/7/Skillicon7_03.png,source-pack,32,32,,,233,5f54fa391101d6403c1dadecbc052f1028322a3e052aef14278e5f80610e2d46,unverified / source variant,
assets/icons/new icons/Free-Skill-32x32-Icons-for-Cyberpunk-Game/1 Icons/7/Skillicon7_04.png,source-pack,32,32,,,225,5065a71bbd695ececa2dfb36e508273f54a5080ae9161b259566d7c367aa6393,unverified / source variant,
assets/icons/new icons/Free-Skill-32x32-Icons-for-Cyberpunk-Game/1 Icons/7/Skillicon7_05.png,source-pack,32,32,,,221,15298c7500d9a22d7e381396099c3d7d8a70c87218935095f626848ef0dd7aad,unverified / source variant,
assets/icons/new icons/Free-Skill-32x32-Icons-for-Cyberpunk-Game/1 Icons/7/Skillicon7_06.png,source-pack,32,32,,,230,58b9b77035551a5d0a97126976d83c9355999ca2b74bcfe07c8715d489fcd1c9,unverified / source variant,
assets/icons/new icons/Free-Skill-32x32-Icons-for-Cyberpunk-Game/1 Icons/7/Skillicon7_07.png,source-pack,32,32,,,236,2110acbedb42f17635c0d373bf6ec2b0bd393bce85d3b0424de5842f0a96d3a8,unverified / source variant,
assets/icons/new icons/Free-Skill-32x32-Icons-for-Cyberpunk-Game/1 Icons/7/Skillicon7_08.png,source-pack,32,32,,,195,83746174608a38544228827740b4e35d2478b8a61451229e7300197649ad3bc7,unverified / source variant,
assets/icons/new icons/Free-Skill-32x32-Icons-for-Cyberpunk-Game/1 Icons/7/Skillicon7_09.png,source-pack,32,32,,,207,f1709aae9760dc486c39de8189d984d00be079210db6b13955dfb692a541147f,unverified / source variant,
assets/icons/new icons/Free-Skill-32x32-Icons-for-Cyberpunk-Game/1 Icons/7/Skillicon7_10.png,source-pack,32,32,,,174,bc001e64396dd6d00e423aeeee2dc9ac051ea4c190006ae0f859eab4271da3a3,unverified / source variant,
assets/icons/new icons/Free-Skill-32x32-Icons-for-Cyberpunk-Game/1 Icons/7/Skillicon7_11.png,source-pack,32,32,,,165,4b9cd33de17ee83f06f3418182b548189190748cdec97ff0af2b21e52997e405,unverified / source variant,
assets/icons/new icons/Free-Skill-32x32-Icons-for-Cyberpunk-Game/1 Icons/7/Skillicon7_12.png,source-pack,32,32,,,257,40519fd8e94f0f569a57562889abb09848d3d4c53e9205952349bf8784e44af5,unverified / source variant,
assets/icons/new icons/Free-Skill-32x32-Icons-for-Cyberpunk-Game/1 Icons/7/Skillicon7_13.png,source-pack,32,32,,,228,78f8657e4bd10238f91c295ee8a0fe1a507e877d9c2c284339e46a398dfa7c1d,unverified / source variant,
assets/icons/new icons/Free-Skill-32x32-Icons-for-Cyberpunk-Game/1 Icons/7/Skillicon7_14.png,source-pack,32,32,,,205,b2a919e7d8316e58729125e371ed53798afcec7a042bc7ae1ee2ad6f6f67066d,unverified / source variant,
assets/icons/new icons/Free-Skill-32x32-Icons-for-Cyberpunk-Game/1 Icons/7/Skillicon7_15.png,source-pack,32,32,,,224,b7d3c6fbca0637f4c8e07384c8e6b1205705e0fc581b03b1ffadf6f322ee53e5,unverified / source variant,
assets/icons/new icons/Free-Skill-32x32-Icons-for-Cyberpunk-Game/1 Icons/7/Skillicon7_16.png,source-pack,32,32,,,219,e45d7f0fb0b17e353c0e22e7010f255c952a0dcde6b17746a6af921fe4d6ec2d,unverified / source variant,
assets/icons/new icons/Free-Skill-32x32-Icons-for-Cyberpunk-Game/1 Icons/7/Skillicon7_17.png,source-pack,32,32,,,223,d2f9a8183681d5aacae0113c4ced8450020433240f603f016c5a75d50432251b,unverified / source variant,
assets/icons/new icons/Free-Skill-32x32-Icons-for-Cyberpunk-Game/1 Icons/7/Skillicon7_18.png,source-pack,32,32,,,249,bdb06391a20b4a145f877e4dded35957868e414ae99fee887128d6c37bdd399a,unverified / source variant,
assets/icons/new icons/Free-Skill-32x32-Icons-for-Cyberpunk-Game/1 Icons/7/Skillicon7_19.png,source-pack,32,32,,,230,b1cec8d30e21f03d6d503a8640994634e1a729b77a5b02baac7fc1ac3c421c9d,unverified / source variant,
assets/icons/new icons/Free-Skill-32x32-Icons-for-Cyberpunk-Game/1 Icons/7/Skillicon7_20.png,source-pack,32,32,,,251,c1db8a199009be46f2123221fdb26b68727407993e4300e52758115da89c4ba6,unverified / source variant,
assets/icons/new icons/Free-Skill-32x32-Icons-for-Cyberpunk-Game/1 Icons/7/Skillicon7_21.png,source-pack,32,32,,,236,e865978fae674b63d7eb6aabff7af1d53fa8e3c6daabd04b1b28af4bcd75ed5d,unverified / source variant,
assets/icons/new icons/Free-Skill-32x32-Icons-for-Cyberpunk-Game/1 Icons/7/Skillicon7_22.png,source-pack,32,32,,,246,6570171dbad1f2620fad3e745e198443526e7b5508c6c604eec2d57ebc58425b,unverified / source variant,
assets/icons/new icons/Free-Skill-32x32-Icons-for-Cyberpunk-Game/1 Icons/7/Skillicon7_23.png,source-pack,32,32,,,233,09161bfde6e5a35d612489afcee63437560dc06f6d8f9aa22a98aa3fe29e11b7,unverified / source variant,
assets/icons/new icons/Free-Skill-32x32-Icons-for-Cyberpunk-Game/1 Icons/7/Skillicon7_24.png,source-pack,32,32,,,221,314e77cce9fc90e43e644189a44aaf22abfe727492b8c58155c10d4ae22920ca,unverified / source variant,
assets/icons/new icons/Free-Skill-32x32-Icons-for-Cyberpunk-Game/1 Icons/7/Skillicon7_25.png,source-pack,32,32,,,226,643de1e7349d340fe29e6ca445e60e39b5e54ceaea7506b764072aea88a73598,unverified / source variant,
assets/icons/new icons/Free-Skill-32x32-Icons-for-Cyberpunk-Game/1 Icons/7/Skillicon7_26.png,source-pack,32,32,,,228,b746cdb339db56c3777ebfc74bfc2efa00bf2e5a8b740869d0b88e08aec79c81,unverified / source variant,
assets/icons/new icons/Free-Skill-32x32-Icons-for-Cyberpunk-Game/1 Icons/7/Skillicon7_27.png,source-pack,32,32,,,229,d8b9c369f06fdbb7f148ba243f23de2a3bd67385db9293e8c5b7724b8b48d6c2,unverified / source variant,
assets/icons/new icons/Free-Skill-32x32-Icons-for-Cyberpunk-Game/1 Icons/7/Skillicon7_28.png,source-pack,32,32,,,208,b852527a656330547996e90d911fa33e6797767473460d92cc176fa1fa5440b0,unverified / source variant,
assets/icons/new icons/Free-Skill-32x32-Icons-for-Cyberpunk-Game/1 Icons/7/Skillicon7_29.png,source-pack,32,32,,,240,1c543865225ab5b3e79c64e9fa389eaf5db401f4ea44c6029ef5f68e2302b01c,unverified / source variant,
assets/icons/new icons/Free-Skill-32x32-Icons-for-Cyberpunk-Game/1 Icons/7/Skillicon7_30.png,source-pack,32,32,,,186,8df98c932116250e0045928b622f7c63871a9eb3d204d8cfc2b2e93a8b5d7f3c,unverified / source variant,
assets/icons/new icons/Free-Skill-32x32-Icons-for-Cyberpunk-Game/1 Icons/7/Skillicon7_31.png,source-pack,32,32,,,246,62832f3973e1555329da683fb76afdc0340c4e306a8c0ab83857417997bfd150,unverified / source variant,
assets/icons/new icons/Free-Skill-32x32-Icons-for-Cyberpunk-Game/1 Icons/7/Skillicon7_32.png,source-pack,32,32,,,221,3f99821e50abb0a88644bf41a1c4da234af5416f55085654e89a3f5d79a77889,unverified / source variant,
assets/icons/new icons/Free-Skill-32x32-Icons-for-Cyberpunk-Game/1 Icons/7/Skillicon7_33.png,source-pack,32,32,,,196,47494814d4d4d805fdf831ff07b6ba21d952960ab47c78b17bac1527e8b84a28,unverified / source variant,
assets/icons/new icons/Free-Skill-32x32-Icons-for-Cyberpunk-Game/1 Icons/7/Skillicon7_34.png,source-pack,32,32,,,249,31d74d6cbce73f6715b737413a2ad53036b8fe0645c1954b72790044249abe46,unverified / source variant,
assets/icons/new icons/Free-Skill-32x32-Icons-for-Cyberpunk-Game/1 Icons/7/Skillicon7_35.png,source-pack,32,32,,,208,c38c21b0d0a6c94839092b16d1c9df8e5c29935ae7a4a55ff528a91f375dc7da,unverified / source variant,
assets/icons/new icons/Free-Skill-32x32-Icons-for-Cyberpunk-Game/1 Icons/7/Skillicon7_36.png,source-pack,32,32,,,222,45ba597c9f49a64267b29819fd1b8e35c7b86a3b3ccee91f36135d12eccc4d85,unverified / source variant,
assets/icons/new icons/Free-Skill-32x32-Icons-for-Cyberpunk-Game/1 Icons/7/Skillicon7_37.png,source-pack,32,32,,,217,f0203d6099dbd4f9ec5491f241a9b408e833302228ac0f331adf13435a153bc0,unverified / source variant,
assets/icons/new icons/Free-Skill-32x32-Icons-for-Cyberpunk-Game/1 Icons/7/Skillicon7_38.png,source-pack,32,32,,,215,2c8aa3888106945bc2c8bea70fd101435400b3fc8e430d2c46d5002393f4def5,unverified / source variant,
assets/icons/new icons/Free-Skill-32x32-Icons-for-Cyberpunk-Game/1 Icons/7/Skillicon7_39.png,source-pack,32,32,,,219,7f5dc90637a1c00c9f4b063bbfc64f03d36abf742ada051a27982388d52c2419,unverified / source variant,
assets/icons/new icons/Free-Skill-32x32-Icons-for-Cyberpunk-Game/1 Icons/7/Skillicon7_40.png,source-pack,32,32,,,221,88c06a84c068859d7601affc019f0883ba2e3faf26668cec2269af88aa78966d,unverified / source variant,
assets/icons/new icons/Free-Skill-32x32-Icons-for-Cyberpunk-Game/1 Icons/8/Skillicon8_01.png,source-pack,32,32,,,201,15817543b54e6d980bc6a19762f79596fd7b64d12dc33470c92cc04f93be20fc,unverified / source variant,
assets/icons/new icons/Free-Skill-32x32-Icons-for-Cyberpunk-Game/1 Icons/8/Skillicon8_02.png,source-pack,32,32,,,201,9a613057ab063855b3537f4e14a9149a88c7b4b8038478c5f6492a5ec80c6b6e,unverified / source variant,
assets/icons/new icons/Free-Skill-32x32-Icons-for-Cyberpunk-Game/1 Icons/8/Skillicon8_03.png,source-pack,32,32,,,233,3ba5bea8944c6712afcd372d36068dca949963a8b99628a34455b22936256458,unverified / source variant,
assets/icons/new icons/Free-Skill-32x32-Icons-for-Cyberpunk-Game/1 Icons/8/Skillicon8_04.png,source-pack,32,32,,,225,10266ee53abd18e015c11b5e3e37b0101a37f0498a7f5b691b7c6b38b5117dab,unverified / source variant,
assets/icons/new icons/Free-Skill-32x32-Icons-for-Cyberpunk-Game/1 Icons/8/Skillicon8_05.png,source-pack,32,32,,,221,31cf1a57e8a48dd9d32d770726df9a7b251d93e55a92774bef568a42ae7fdc5b,unverified / source variant,
assets/icons/new icons/Free-Skill-32x32-Icons-for-Cyberpunk-Game/1 Icons/8/Skillicon8_06.png,source-pack,32,32,,,230,c14f2b51fd1b5ebb6137da4947e41420d7fedb84add484479b71d4b91d26f446,unverified / source variant,
assets/icons/new icons/Free-Skill-32x32-Icons-for-Cyberpunk-Game/1 Icons/8/Skillicon8_07.png,source-pack,32,32,,,236,487842378692bff854582f802eb4bf828440c6ecd688bc63b73a3a84eb23e3ad,unverified / source variant,
assets/icons/new icons/Free-Skill-32x32-Icons-for-Cyberpunk-Game/1 Icons/8/Skillicon8_08.png,source-pack,32,32,,,195,213488acebe9b74e7be262fc636a6a3fcf2140683a0988cb04eaaf15c25b47e6,unverified / source variant,
assets/icons/new icons/Free-Skill-32x32-Icons-for-Cyberpunk-Game/1 Icons/8/Skillicon8_09.png,source-pack,32,32,,,207,cdbe413cbc06dd51cbacb59b293d824ffd0c959db4db2f416371738964a9e791,unverified / source variant,
assets/icons/new icons/Free-Skill-32x32-Icons-for-Cyberpunk-Game/1 Icons/8/Skillicon8_10.png,source-pack,32,32,,,174,3143b1082c74b83a4ec528c5646d99a6ecb7bd9f2d4103ad8735bbcd4de2a6a9,unverified / source variant,
assets/icons/new icons/Free-Skill-32x32-Icons-for-Cyberpunk-Game/1 Icons/8/Skillicon8_11.png,source-pack,32,32,,,165,fc81746f240458bea3297dbdc9f3f4536625ddde98d6a4d2a9047e883bb1ae8b,unverified / source variant,
assets/icons/new icons/Free-Skill-32x32-Icons-for-Cyberpunk-Game/1 Icons/8/Skillicon8_12.png,source-pack,32,32,,,257,b5579597d88fb62739316bb70cb152d4c69042cb9e29fba5572b10169536be8b,unverified / source variant,
assets/icons/new icons/Free-Skill-32x32-Icons-for-Cyberpunk-Game/1 Icons/8/Skillicon8_13.png,source-pack,32,32,,,228,25cd328ccf7049ba499cb01fb1cd7d797a942a75951ebd4419d32a13aa739edc,unverified / source variant,
assets/icons/new icons/Free-Skill-32x32-Icons-for-Cyberpunk-Game/1 Icons/8/Skillicon8_14.png,source-pack,32,32,,,205,d687aa2a2d83bb115aba66811f1ce1c5288c44d739c955996b777c185c3b994c,unverified / source variant,
assets/icons/new icons/Free-Skill-32x32-Icons-for-Cyberpunk-Game/1 Icons/8/Skillicon8_15.png,source-pack,32,32,,,224,aaff0a006c2b1bd2407d3465b2dbee8b20207eaa5debebe144a495c12f11147c,unverified / source variant,
assets/icons/new icons/Free-Skill-32x32-Icons-for-Cyberpunk-Game/1 Icons/8/Skillicon8_16.png,source-pack,32,32,,,219,87cb7ef579a8fb2a38e88d14c32496327dc0c0e92695465da6e8a65bfb173f7b,unverified / source variant,
assets/icons/new icons/Free-Skill-32x32-Icons-for-Cyberpunk-Game/1 Icons/8/Skillicon8_17.png,source-pack,32,32,,,223,6078274adca48a6a17e5f8dc97a011e96a34d5934bd6e5a01120218f56f6116d,unverified / source variant,
assets/icons/new icons/Free-Skill-32x32-Icons-for-Cyberpunk-Game/1 Icons/8/Skillicon8_18.png,source-pack,32,32,,,249,f39088cf9f3c8754e1def41a87d6136b2d6205b310c039937c155971a9aa07f6,unverified / source variant,
assets/icons/new icons/Free-Skill-32x32-Icons-for-Cyberpunk-Game/1 Icons/8/Skillicon8_19.png,source-pack,32,32,,,230,4d7e45c7082350ddc7044080269397cb78f42fe5fd814e89685a4c6500c7d7d3,unverified / source variant,
assets/icons/new icons/Free-Skill-32x32-Icons-for-Cyberpunk-Game/1 Icons/8/Skillicon8_20.png,source-pack,32,32,,,251,4fa8940276040121d6f7ed60da47f9d88ace8dc9262718afb63e7d5ea2d57765,unverified / source variant,
assets/icons/new icons/Free-Skill-32x32-Icons-for-Cyberpunk-Game/1 Icons/8/Skillicon8_21.png,source-pack,32,32,,,236,97ac842aa09881ca6418dd075e1563ee808d68de8786aaec230b46ee4be85d02,unverified / source variant,
assets/icons/new icons/Free-Skill-32x32-Icons-for-Cyberpunk-Game/1 Icons/8/Skillicon8_22.png,source-pack,32,32,,,246,5177a5c941be21d852e421ea5973659bb61f27126c8d5973fc94495119ec1782,unverified / source variant,
assets/icons/new icons/Free-Skill-32x32-Icons-for-Cyberpunk-Game/1 Icons/8/Skillicon8_23.png,source-pack,32,32,,,233,76d598111119988fb64d2427d7603180c43aefdaa181f93fe93665b8e3622c4c,unverified / source variant,
assets/icons/new icons/Free-Skill-32x32-Icons-for-Cyberpunk-Game/1 Icons/8/Skillicon8_24.png,source-pack,32,32,,,221,e1984d3b8515529d077db2e158ada658ae5fafbb1ea5d64c172ccd0d091cbeb1,unverified / source variant,
assets/icons/new icons/Free-Skill-32x32-Icons-for-Cyberpunk-Game/1 Icons/8/Skillicon8_25.png,source-pack,32,32,,,226,7195f2df3bbc45fd889e4ddd8a16273209e2fc693264faabe9c4bcdc4daab888,unverified / source variant,
assets/icons/new icons/Free-Skill-32x32-Icons-for-Cyberpunk-Game/1 Icons/8/Skillicon8_26.png,source-pack,32,32,,,228,60270aa96c44c06b1cdee71957dba85a950b5fc9ef50996ec5951aa2020f8e73,unverified / source variant,
assets/icons/new icons/Free-Skill-32x32-Icons-for-Cyberpunk-Game/1 Icons/8/Skillicon8_27.png,source-pack,32,32,,,229,97f79d5aa189bdacfc2607263524b7363d8a38ccf107a65fd9fd671499f93d69,unverified / source variant,
assets/icons/new icons/Free-Skill-32x32-Icons-for-Cyberpunk-Game/1 Icons/8/Skillicon8_28.png,source-pack,32,32,,,208,d8198009723b4e6412c672b21c1475928ac3341bd1eba005d3abfcfc01b92edc,unverified / source variant,
assets/icons/new icons/Free-Skill-32x32-Icons-for-Cyberpunk-Game/1 Icons/8/Skillicon8_29.png,source-pack,32,32,,,240,692f4df9168de5a8adb3e32be7da8c642aee381e8a86b1b99fbe8b33df052b8a,unverified / source variant,
assets/icons/new icons/Free-Skill-32x32-Icons-for-Cyberpunk-Game/1 Icons/8/Skillicon8_30.png,source-pack,32,32,,,186,78929703003c03db9e50645e92b95e3ef704f959afe778f87826279755e6db5f,unverified / source variant,
assets/icons/new icons/Free-Skill-32x32-Icons-for-Cyberpunk-Game/1 Icons/8/Skillicon8_31.png,source-pack,32,32,,,246,4944b5f73d8d2f02b88910fbb857f4437fc59fccb1e2ab5fddcf9744d8df8e27,unverified / source variant,
assets/icons/new icons/Free-Skill-32x32-Icons-for-Cyberpunk-Game/1 Icons/8/Skillicon8_32.png,source-pack,32,32,,,221,7d089aa8ae8447ee25282b7e97b85c701f365eebd8644239cb2414b7043195fd,unverified / source variant,
assets/icons/new icons/Free-Skill-32x32-Icons-for-Cyberpunk-Game/1 Icons/8/Skillicon8_33.png,source-pack,32,32,,,196,e7a529b9606b142541882062f0fdeeac00477062c32e60df1877aac61720960f,unverified / source variant,
assets/icons/new icons/Free-Skill-32x32-Icons-for-Cyberpunk-Game/1 Icons/8/Skillicon8_34.png,source-pack,32,32,,,249,259fc70c3437f910a8645428b2e083fb2a7deba43f89643662a2a492c62487c9,unverified / source variant,
assets/icons/new icons/Free-Skill-32x32-Icons-for-Cyberpunk-Game/1 Icons/8/Skillicon8_35.png,source-pack,32,32,,,208,4bfbabf8d5482b41c33db92ab8a2c4f247b2faee3dd9d010c6ebf19d8e33ee4a,unverified / source variant,
assets/icons/new icons/Free-Skill-32x32-Icons-for-Cyberpunk-Game/1 Icons/8/Skillicon8_36.png,source-pack,32,32,,,222,ddbfd68e71c5c41d71af92d681a7b9dc109867f9345b9b65685cc8b9e388dd63,unverified / source variant,
assets/icons/new icons/Free-Skill-32x32-Icons-for-Cyberpunk-Game/1 Icons/8/Skillicon8_37.png,source-pack,32,32,,,217,843387c40f8b2bc5e14eaeac266a5113e45cd61db0bcaa0d733bf6f45149d8a4,unverified / source variant,
assets/icons/new icons/Free-Skill-32x32-Icons-for-Cyberpunk-Game/1 Icons/8/Skillicon8_38.png,source-pack,32,32,,,215,6858746dfd9fafa933a0981936cd87d9c5fc30e1a8dcfb85b69cfdc73ddf7369,unverified / source variant,
assets/icons/new icons/Free-Skill-32x32-Icons-for-Cyberpunk-Game/1 Icons/8/Skillicon8_39.png,source-pack,32,32,,,219,2256fbdc7d7e2ffd1f7a43313fe28590da6bd52289c81476230649180c6c5677,unverified / source variant,
assets/icons/new icons/Free-Skill-32x32-Icons-for-Cyberpunk-Game/1 Icons/8/Skillicon8_40.png,source-pack,32,32,,,221,e99f07dfcaf344a8db7304a237e8232d81e9545bf7b1972aeffde8f9a6c6142d,unverified / source variant,
assets/icons/new icons/Free-Skill-32x32-Icons-for-Cyberpunk-Game/1 Icons/9/Skillicon9_01.png,source-pack,32,32,,,201,65d2d976b328f4b3875ddacdc55cda155e4d4641e5cf2c5543217c0023a6a6e2,unverified / source variant,
assets/icons/new icons/Free-Skill-32x32-Icons-for-Cyberpunk-Game/1 Icons/9/Skillicon9_02.png,source-pack,32,32,,,201,35871b0f1b03e39fa63e921e2d39051f97f36ae273a82b5891ad5f5a90976aee,unverified / source variant,
assets/icons/new icons/Free-Skill-32x32-Icons-for-Cyberpunk-Game/1 Icons/9/Skillicon9_03.png,source-pack,32,32,,,233,26f002ab82c75486e15f4c426468c8c5d70707dcd3f98db3afd89c039960156a,unverified / source variant,
assets/icons/new icons/Free-Skill-32x32-Icons-for-Cyberpunk-Game/1 Icons/9/Skillicon9_04.png,source-pack,32,32,,,225,72012d31e9774939510e19f40215a8e9781abbca8eee9b898ab840011682efd2,unverified / source variant,
assets/icons/new icons/Free-Skill-32x32-Icons-for-Cyberpunk-Game/1 Icons/9/Skillicon9_05.png,source-pack,32,32,,,221,1c6e4203561dfaefebf93284126f6f3d2fcb3b46d822278efb92b349f6eb0a22,unverified / source variant,
assets/icons/new icons/Free-Skill-32x32-Icons-for-Cyberpunk-Game/1 Icons/9/Skillicon9_06.png,source-pack,32,32,,,230,d65bc7049503d19bd6af2e8afc5beb2504684e23b60dac594a170252b117c842,unverified / source variant,
assets/icons/new icons/Free-Skill-32x32-Icons-for-Cyberpunk-Game/1 Icons/9/Skillicon9_07.png,source-pack,32,32,,,236,fce34ee870d8c8aaf7295f50955303e583bb51aa5181d4f27191191bcba6e91e,unverified / source variant,
assets/icons/new icons/Free-Skill-32x32-Icons-for-Cyberpunk-Game/1 Icons/9/Skillicon9_08.png,source-pack,32,32,,,195,cf05a95bbacd9841eaea1481af88534fcf8d45c2b2424ba82c5d8d02c80594f2,unverified / source variant,
assets/icons/new icons/Free-Skill-32x32-Icons-for-Cyberpunk-Game/1 Icons/9/Skillicon9_09.png,source-pack,32,32,,,207,1a6b7b73ec75ed346293edc04e20f46d442e4aae580b18249d2074ff9d537412,unverified / source variant,
assets/icons/new icons/Free-Skill-32x32-Icons-for-Cyberpunk-Game/1 Icons/9/Skillicon9_10.png,source-pack,32,32,,,174,0a6ae8a88b7c7f1f92e9a10fa2ede0810205fc1ea161f67a5d8b75e15e19a277,unverified / source variant,
assets/icons/new icons/Free-Skill-32x32-Icons-for-Cyberpunk-Game/1 Icons/9/Skillicon9_11.png,source-pack,32,32,,,165,3f3ab6f0b4e571a77a823a747d449b17a0eab2ed50aeff2732283c276daa44b3,unverified / source variant,
assets/icons/new icons/Free-Skill-32x32-Icons-for-Cyberpunk-Game/1 Icons/9/Skillicon9_12.png,source-pack,32,32,,,257,b68bf02c0c3da25a64f2b3f92aa1a6a8b20d1473a021a1c4f21b088d856a3120,unverified / source variant,
assets/icons/new icons/Free-Skill-32x32-Icons-for-Cyberpunk-Game/1 Icons/9/Skillicon9_13.png,source-pack,32,32,,,228,3112d9d30fc7ee04a3425475a63ac5b75ab4b5a3bfe801a1237d78efd4c61ce7,unverified / source variant,
assets/icons/new icons/Free-Skill-32x32-Icons-for-Cyberpunk-Game/1 Icons/9/Skillicon9_14.png,source-pack,32,32,,,205,af55d88a49292f3e341cea45f6c13d2370f57f1daa9f23bc3beccb52ce7290ee,unverified / source variant,
assets/icons/new icons/Free-Skill-32x32-Icons-for-Cyberpunk-Game/1 Icons/9/Skillicon9_15.png,source-pack,32,32,,,224,4b04bdc7f732860d419848dfb6e8c11f6293186f54c44307d6795df1efdb704d,unverified / source variant,
assets/icons/new icons/Free-Skill-32x32-Icons-for-Cyberpunk-Game/1 Icons/9/Skillicon9_16.png,source-pack,32,32,,,219,5c7f014a89876a44e9ed8130f8585f83387f049f624785d2835ca43a5acf16a2,unverified / source variant,
assets/icons/new icons/Free-Skill-32x32-Icons-for-Cyberpunk-Game/1 Icons/9/Skillicon9_17.png,source-pack,32,32,,,223,8e27e6b1cafab9959fc0e44c7359101d6368347c325616aff6e2319dd4127002,unverified / source variant,
assets/icons/new icons/Free-Skill-32x32-Icons-for-Cyberpunk-Game/1 Icons/9/Skillicon9_18.png,source-pack,32,32,,,249,ed0c146d61fd20f76d793ed96a041a97d591c28f15bb7cd4e847f7aa74b004f5,unverified / source variant,
assets/icons/new icons/Free-Skill-32x32-Icons-for-Cyberpunk-Game/1 Icons/9/Skillicon9_19.png,source-pack,32,32,,,230,403a53e0aaf5ab87dc4bcadfc81556a0bf6a567555e9d29af267fefa7937f553,unverified / source variant,
assets/icons/new icons/Free-Skill-32x32-Icons-for-Cyberpunk-Game/1 Icons/9/Skillicon9_20.png,source-pack,32,32,,,251,6558033c920e2236478feed2ba36553cf75e3096d6c25729d7e834686330cd47,unverified / source variant,
assets/icons/new icons/Free-Skill-32x32-Icons-for-Cyberpunk-Game/1 Icons/9/Skillicon9_21.png,source-pack,32,32,,,236,3250341bc6f19dcdbf1a3a51d63793b216560db4e965714bca4257aca02d859a,unverified / source variant,
assets/icons/new icons/Free-Skill-32x32-Icons-for-Cyberpunk-Game/1 Icons/9/Skillicon9_22.png,source-pack,32,32,,,246,ba2955ba0e721f83e2eda9bf912c30ea164d55608a36a17f974ebba06e8dc75f,unverified / source variant,
assets/icons/new icons/Free-Skill-32x32-Icons-for-Cyberpunk-Game/1 Icons/9/Skillicon9_23.png,source-pack,32,32,,,233,1857409af2bfd7aa57dfaa2373dcbbb511552477b4085da4b412111510d1224d,unverified / source variant,
assets/icons/new icons/Free-Skill-32x32-Icons-for-Cyberpunk-Game/1 Icons/9/Skillicon9_24.png,source-pack,32,32,,,221,2e871471da719f1913cdf79c6d415c5bf663ecdf10fa9bd3a664082ecd81dac8,unverified / source variant,
assets/icons/new icons/Free-Skill-32x32-Icons-for-Cyberpunk-Game/1 Icons/9/Skillicon9_25.png,source-pack,32,32,,,226,fbe2fd1c03cc2ba0b4491adbf7c9a12e9a763cc51edce13aa8a6ee18f8e08786,unverified / source variant,
assets/icons/new icons/Free-Skill-32x32-Icons-for-Cyberpunk-Game/1 Icons/9/Skillicon9_26.png,source-pack,32,32,,,228,d63874141c018adde32512ee6cc8c983d930ad2f1d6a38e62b76718ef94f78ae,unverified / source variant,
assets/icons/new icons/Free-Skill-32x32-Icons-for-Cyberpunk-Game/1 Icons/9/Skillicon9_27.png,source-pack,32,32,,,229,eb16d562b5aa8f4f28389ec66b3327d5f97718fec46578b1ed259cf32566213b,unverified / source variant,
assets/icons/new icons/Free-Skill-32x32-Icons-for-Cyberpunk-Game/1 Icons/9/Skillicon9_28.png,source-pack,32,32,,,208,17780a20860853e80d547ddbe8afb5682f549d1cf76bb54bf5501ec29f25bb3c,unverified / source variant,
assets/icons/new icons/Free-Skill-32x32-Icons-for-Cyberpunk-Game/1 Icons/9/Skillicon9_29.png,source-pack,32,32,,,240,573b51905cf844b58afebed9b0d202fc54270b6dadc0bb6048106a7fb234d85a,unverified / source variant,
assets/icons/new icons/Free-Skill-32x32-Icons-for-Cyberpunk-Game/1 Icons/9/Skillicon9_30.png,source-pack,32,32,,,186,15a5d2fa94637e8d45e55f06135f9e78ac0336df55b86d516b7f71eedf0afb06,unverified / source variant,
assets/icons/new icons/Free-Skill-32x32-Icons-for-Cyberpunk-Game/1 Icons/9/Skillicon9_31.png,source-pack,32,32,,,246,9de0cb7d9ab3d373a206e61643436be634829be6db8996e435b35948611145b8,unverified / source variant,
assets/icons/new icons/Free-Skill-32x32-Icons-for-Cyberpunk-Game/1 Icons/9/Skillicon9_32.png,source-pack,32,32,,,221,9880b70bb44eaae0f3fd6b66bc4f712a871635439fc01fbbeaaf9818911b1b1d,unverified / source variant,
assets/icons/new icons/Free-Skill-32x32-Icons-for-Cyberpunk-Game/1 Icons/9/Skillicon9_33.png,source-pack,32,32,,,196,35578a1753bc26dd929e6412d5713412ee37d1ee09b1f04d3ce64ec323f0247c,unverified / source variant,
assets/icons/new icons/Free-Skill-32x32-Icons-for-Cyberpunk-Game/1 Icons/9/Skillicon9_34.png,source-pack,32,32,,,249,0e0b05745155bd465826968d748c380d927e853296e2e16a9a4c9e0a9a65a795,unverified / source variant,
assets/icons/new icons/Free-Skill-32x32-Icons-for-Cyberpunk-Game/1 Icons/9/Skillicon9_35.png,source-pack,32,32,,,208,2b33c023afa4be8665bc2bf2dd92cdaf09d29e9f61c215b4627a92a12b0776f6,unverified / source variant,
assets/icons/new icons/Free-Skill-32x32-Icons-for-Cyberpunk-Game/1 Icons/9/Skillicon9_36.png,source-pack,32,32,,,222,00d8828c5952b2ff5f501148f12f776f63bb830901da946c9274a1a7a35cc574,unverified / source variant,
assets/icons/new icons/Free-Skill-32x32-Icons-for-Cyberpunk-Game/1 Icons/9/Skillicon9_37.png,source-pack,32,32,,,217,00a722268527b38d8d031dddc780e1de017ec72600568bd5bdac7188d91242bf,unverified / source variant,
assets/icons/new icons/Free-Skill-32x32-Icons-for-Cyberpunk-Game/1 Icons/9/Skillicon9_38.png,source-pack,32,32,,,215,a6b891f11de43e5f7a9079db18d451ca2c15c7d8c11c8ffcfcc5aab026bc7714,unverified / source variant,
assets/icons/new icons/Free-Skill-32x32-Icons-for-Cyberpunk-Game/1 Icons/9/Skillicon9_39.png,source-pack,32,32,,,219,263102bf67eaa25dd83389716974f6e9b4dd9ad0623ada70ab4f5600b78fa2f5,unverified / source variant,
assets/icons/new icons/Free-Skill-32x32-Icons-for-Cyberpunk-Game/1 Icons/9/Skillicon9_40.png,source-pack,32,32,,,221,09baca06ee4ca53ea9f8c984201e26d9fbcf2e31372c849592fca6e8a66eb40a,unverified / source variant,
assets/icons/new icons/Free-Skill-32x32-Icons-for-Cyberpunk-Game/2 Frames/Frame_01.png,source-pack,32,32,,,1084,318327076c1b10e4f1bf65584fbdfd1a1060dd7d937578cece3ab6fc47cca1bf,unverified / source variant,
assets/icons/new icons/Free-Skill-32x32-Icons-for-Cyberpunk-Game/2 Frames/Frame_02.png,source-pack,32,32,,,1148,c39fe6a32864018dab148adc356385ef6ca1fed39f4141c7e6024b023c710fbc,unverified / source variant,
assets/icons/new icons/Free-Skill-32x32-Icons-for-Cyberpunk-Game/2 Frames/Frame_03.png,source-pack,32,32,,,1084,db509dad56f9b241307626ec128c353891f6bf5f6a187814d2222ae460bac9d1,unverified / source variant,
assets/icons/new icons/Free-Skill-32x32-Icons-for-Cyberpunk-Game/2 Frames/Frame_04.png,source-pack,32,32,,,1148,7193428c50287412a2f710c205438b9f1b6340ffe550d748761d7a8122bc665e,unverified / source variant,
assets/icons/new icons/Free-Skill-32x32-Icons-for-Cyberpunk-Game/2 Frames/Frame_05.png,source-pack,32,32,,,1084,4aaed41d9497fb2ee190d36f1e8a5c8da733648dba63f6c21a58ae06a755282e,unverified / source variant,
assets/icons/new icons/Free-Skill-32x32-Icons-for-Cyberpunk-Game/2 Frames/Frame_06.png,source-pack,32,32,,,1148,4b825deb095f299f40b6604ff29e36ae15e1e7be6a22f532a5461ac320408331,unverified / source variant,
assets/icons/new icons/Free-Skill-32x32-Icons-for-Cyberpunk-Game/2 Frames/Frame_07.png,source-pack,32,32,,,1084,1f5aefc7be200f956f1686b9933ce5e2a7cf40a04c2358bcaacde2687580b5dd,unverified / source variant,
assets/icons/new icons/Free-Skill-32x32-Icons-for-Cyberpunk-Game/2 Frames/Frame_08.png,source-pack,32,32,,,1148,2842b0d7ca8bab95a885a34b3b3388927197a7e99afc97ee5fca825c0fcb80a5,unverified / source variant,
assets/icons/new icons/Free-Skill-32x32-Icons-for-Cyberpunk-Game/2 Frames/Frame_09.png,source-pack,32,32,,,1084,78e9b02b66a27646369b27ea9d658982795c3d9ca61967c4a5c003a0852ab3b9,unverified / source variant,
assets/icons/new icons/Free-Skill-32x32-Icons-for-Cyberpunk-Game/2 Frames/Frame_10.png,source-pack,32,32,,,1148,30bcf9244a36eb51b745b8e12714958bbc65cb26ab7b205fdf702e219bb07808,unverified / source variant,
assets/icons/new icons/Free-Skill-32x32-Icons-for-Cyberpunk-Game/2 Frames/Frame_11.png,source-pack,32,32,,,1084,f2a07c7f4c5e88d7edc8093a7a0e8da41b1b986a8732c73ef252c9b609ce060a,unverified / source variant,
assets/icons/new icons/Free-Skill-32x32-Icons-for-Cyberpunk-Game/2 Frames/Frame_12.png,source-pack,32,32,,,1148,c0b8fb248e97c812575028c211154dee66d36a47c4ee7d5e44514ea8122c6892,unverified / source variant,
assets/icons/new icons/Free-Skill-32x32-Icons-for-Cyberpunk-Game/2 Frames/Frame_13.png,source-pack,32,32,,,1084,fed1f2fe01bd966e36775c32e57ee4820a7f051169770f8e6bd5b9af07bd745f,unverified / source variant,
assets/icons/new icons/Free-Skill-32x32-Icons-for-Cyberpunk-Game/2 Frames/Frame_14.png,source-pack,32,32,,,1151,997911b78cb86403e0835c7a25d9175b91814f8053d592bd0f37027f6ac5747b,unverified / source variant,
assets/icons/new icons/Free-Skill-32x32-Icons-for-Cyberpunk-Game/2 Frames/Frameset.png,source-pack,224,64,,,638,87ad7c6e13e7949867991529922dea8e90300653b772897cabd2c954f17a7ecc,unverified / source variant,
assets/icons/new icons/Free-Skill-32x32-Icons-for-Cyberpunk-Game/Coupon by craftpix.pdf.png,source-pack,1840,1148,,,363478,57ff60e963d213d1424350cef6868afb3bed71936f4b631e9e130a125c54ea4c,unverified / source variant,
assets/portraits/avalanche.png,heroes,592,880,0.0,"(0, 0, 592, 880)",562952,8d511c92b0a8d9412c3d6d3d134134c975c04030c782b7bfabd9f044f2a4b8eb,runtime convention,scripts/autoloads/DataManager.gd
assets/portraits/avalanche_glacier.png,heroes,592,880,0.0,"(0, 0, 592, 880)",650951,2511d49f01a7dfb61cf24d34eaba94dbeb7e94759148836922d829e71cf7734e,runtime convention,scripts/autoloads/DataManager.gd
assets/portraits/avalanche_trench.png,heroes,592,880,0.0,"(0, 0, 592, 880)",607423,af0fd6abb2b7154b7d9b4ff98d08426e831fb3581d533217a7a8eb401e823bb0,runtime convention,scripts/autoloads/DataManager.gd
assets/portraits/breaker.png,heroes,592,880,0.0,"(0, 0, 592, 880)",497228,9a9edf18fdaa7c098e316453ef4ffcec4fae5433f18023e40529afff05f95f23,runtime convention,scripts/autoloads/DataManager.gd
assets/portraits/breaker_noise.png,heroes,592,880,0.0,"(0, 0, 592, 880)",607641,c4c8721cd6a0463cddc2378d5220db8072211a98c89b9125f120eef63d113c9f,runtime convention,scripts/autoloads/DataManager.gd
assets/portraits/breaker_nullwire.png,heroes,592,880,0.0,"(0, 0, 592, 880)",532407,490aba9e52e684db06b3fa06f2bd17601beeb750bf13f8f1c6043de24cbc8b75,runtime convention,scripts/autoloads/DataManager.gd
assets/portraits/combat.png,heroes,592,880,0.0,"(0, 0, 592, 880)",494031,a5f20a408ba38c1a49f865b0ead0475b6651ab0ca149e67ee0b0fd68cd49ce53,runtime convention,scripts/autoloads/DataManager.gd
assets/portraits/combat_blade.png,heroes,592,880,0.0,"(0, 0, 592, 880)",535180,08b4a0603e2ed4b0d419178df80a3ee92e54021a20e0aa05d39416e97a6402c9,runtime convention,scripts/autoloads/DataManager.gd
assets/portraits/combat_ravager.png,heroes,592,880,0.0,"(0, 0, 592, 880)",513483,8372dff5d40d50b9c04c1f69800ce83df7b88d6548b68b4d57cbda2b17bc765b,runtime convention,scripts/autoloads/DataManager.gd
assets/portraits/enemies/aegis_anchor.png,enemies,594,883,0.0,"(0, 0, 594, 883)",718938,a21f35948e1ad79fc6f13c5910802f4307e64526f353ff26c54e3d780df4257a,runtime map,scripts/autoloads/DataManager.gd
assets/portraits/enemies/axiom_binder.png,enemies,610,858,0.0,"(0, 0, 610, 858)",635340,e65eb85f4cfe9cbb3c809433e4cea0ba163f692dcac05b7d4c9a999c01696674,runtime map,scripts/autoloads/DataManager.gd
assets/portraits/enemies/basalt_ape.png,enemies,558,644,0.0,"(0, 0, 558, 644)",524228,b00b675859f2fb1fc999ddbe9257264016f6384c6f9bb8211783eb09d16e005a,runtime map,scripts/autoloads/DataManager.gd
assets/portraits/enemies/bloodmite.png,enemies,592,885,0.0,"(0, 0, 592, 885)",645293,2ee8ec116d69658ed32c25e1a54d9ffacdeabe124b38799eb163e9de59a8ea2e,runtime map,scripts/autoloads/DataManager.gd
assets/portraits/enemies/broodwarden.png,enemies,565,755,0.0,"(0, 0, 565, 755)",610441,c09d9715083a2621401a5f67f9700a20e9f994a5dfaefcc355d5b7b7fd1c2591,runtime map,scripts/autoloads/DataManager.gd
assets/portraits/enemies/carapace_beetle.png,enemies,582,895,0.0,"(0, 0, 582, 895)",581071,9e0e97249a878a8b0eb1f04e0e4a2eb906fae2e2635a73ba37500dcdb34473e7,runtime map,scripts/autoloads/DataManager.gd
assets/portraits/enemies/caustic_spewer.png,enemies,585,895,0.0,"(0, 0, 585, 895)",547189,e94167d3e35a251c22eb1eb9dfe1870f3aaae8689eb1d7a58058e1f2f807e02e,runtime map,scripts/autoloads/DataManager.gd
assets/portraits/enemies/checksum_scribe.png,enemies,604,864,0.0,"(0, 0, 604, 864)",618703,8bfad48a1ee4f1610ba483c65085db27678e19b9c15aa8331e99bb8f492714cd,runtime map,scripts/autoloads/DataManager.gd
assets/portraits/enemies/conclave_overseer.png,enemies,590,886,0.0,"(0, 0, 590, 886)",566900,6a07567c7063d60831851c0e17e2233d305b78b8c9dbd8eea8038199b29ffcb0,runtime map,scripts/autoloads/DataManager.gd
assets/portraits/enemies/daemon_channeler.png,enemies,612,858,0.0,"(0, 0, 612, 858)",595779,42ef39601f7664124666ea521b0032429f5dd8ab0a978ae5003f2ce269eb1f84,runtime map,scripts/autoloads/DataManager.gd
assets/portraits/enemies/forked_double.png,enemies,611,858,0.0,"(0, 0, 611, 858)",626060,68e614ba118f3ae9112ad8b8d782a37c7e00d1a6f23320e9424c09d29c181fb7,runtime map,scripts/autoloads/DataManager.gd
assets/portraits/enemies/geode_panther.png,enemies,590,881,0.0,"(0, 0, 590, 881)",597813,cf24a970c1a14f3488cb50be13c799cd1dbeafa0f938c8e4544ba2e1cddd19ae,runtime map,scripts/autoloads/DataManager.gd
assets/portraits/enemies/glitch_sprite.png,enemies,576,851,0.0,"(0, 0, 576, 851)",481746,7476f4fd216dce9c31a1b3ad61c517e7b97bfc1134c27c8381ac78effd4bfd60,runtime map,scripts/autoloads/DataManager.gd
assets/portraits/enemies/guard_elite.png,enemies,584,894,0.0,"(0, 0, 584, 894)",523048,9afec257f68c695292f9c15af5e1da0aafcc0401289d6e6a75a4f364bce2913d,runtime map,scripts/autoloads/DataManager.gd
assets/portraits/enemies/heavy_warden.png,enemies,602,883,0.0,"(0, 0, 602, 883)",707610,42ba04579582928eb4b706b0b3cc1544e41f4f2c075b4324628f9d4947232498,runtime map,scripts/autoloads/DataManager.gd
assets/portraits/enemies/hive_matriarch.png,enemies,585,883,0.0,"(0, 0, 585, 883)",621425,7353de4e8bdc3a2aa49dac218f43703eae1b06331bff5596f0edd888a96250d2,runtime map,scripts/autoloads/DataManager.gd
assets/portraits/enemies/init_acolyte.png,enemies,594,855,0.0,"(0, 0, 594, 855)",571102,f3fdf5405c04ab067f60b8d3140659fcc55a83d15451fcc0e9983f5a221e27e6,runtime map,scripts/autoloads/DataManager.gd
assets/portraits/enemies/magma_drake.png,enemies,592,881,0.0,"(0, 0, 592, 881)",655546,0ddc024437f5cc46d560af92b4329fdc27fb2430a0b5986d03b9891295dbb62b,runtime map,scripts/autoloads/DataManager.gd
assets/portraits/enemies/mantle_tyrant.png,enemies,575,881,0.0,"(0, 0, 575, 881)",597806,6febb2024c20f56177fb6e231e87946a56b3f70ec0581949775d676d81fdde85,runtime map,scripts/autoloads/DataManager.gd
assets/portraits/enemies/nullblade.png,enemies,571,883,0.0,"(0, 0, 571, 883)",639668,9cc647e2257ae3b481ca8ba2ecc5293a0336c010269cf47226fa932f0f6b1f78,runtime map,scripts/autoloads/DataManager.gd
assets/portraits/enemies/obsidian_hound.png,enemies,594,774,0.0,"(0, 0, 594, 774)",669132,ee92836d16d2aa5f5c975df9ada7afadc5ab184f80a3c420594f63bbba7221e4,runtime map,scripts/autoloads/DataManager.gd
assets/portraits/enemies/patrol_elite.png,enemies,587,778,0.0,"(0, 0, 587, 778)",485967,d094292a2815fee792ec20dec96f4ae5c2b7ccfb5ffbb0761ed94d4197389fa8,runtime map,scripts/autoloads/DataManager.gd
assets/portraits/enemies/prism_charger.png,enemies,558,737,0.0,"(0, 0, 558, 737)",503560,a469d7088dbe60780ec12f3af6ecd53fee913d51f5a4466a2b02cddbd5a009bd,runtime map,scripts/autoloads/DataManager.gd
assets/portraits/enemies/pumice_macaque.png,enemies,589,742,0.0,"(0, 0, 589, 742)",614804,52ad62474d01eb2a69ed68c3fbb0ff283f8de1e63619fd4a8a20b7bf846a98af,runtime map,scripts/autoloads/DataManager.gd
assets/portraits/enemies/pyroclast_raptor.png,enemies,554,881,0.0,"(0, 0, 554, 881)",580353,6bbdff05aba926d5878dc5f4c88c4615bdd7cdf0931aa530e363fa619c3fbc97,runtime map,scripts/autoloads/DataManager.gd
assets/portraits/enemies/resonance_warden.png,enemies,587,897,0.0,"(0, 0, 587, 897)",747067,896a9c3ce962921c2436cc85f3592805a277eb5396b8e263dda78eadc32fb3fb,runtime map,scripts/autoloads/DataManager.gd
assets/portraits/enemies/root_hierophant.png,enemies,591,876,0.0,"(0, 0, 591, 876)",733750,54bdecc6bab187c8f7ec7c3e0b1a66ab3e0c8a85b0cd6db9e4869899028fc8de,runtime map,scripts/autoloads/DataManager.gd
assets/portraits/enemies/rust_drone.png,enemies,599,786,0.0,"(0, 0, 599, 786)",522191,787e75908735b32e7e2881f6a4f66bff4ecd34785d8b217d51558f84874eaabe,runtime map,scripts/autoloads/DataManager.gd
assets/portraits/enemies/scrap_drone.png,enemies,577,805,0.0,"(0, 0, 577, 805)",491417,c1e8f266683171eee2ed21350ae62d41d4783a3c9d773ece95160bb80cdd43e0,runtime map,scripts/autoloads/DataManager.gd
assets/portraits/enemies/scrapmaster.png,enemies,596,883,0.0,"(0, 0, 596, 883)",723162,2982e54f0d859eee1bc531ed39a3fc42ba03d6c0dfe959e1b3784ae6f4ac9b09,runtime map,scripts/autoloads/DataManager.gd
assets/portraits/enemies/shardmite.png,enemies,575,897,0.0,"(0, 0, 575, 897)",677650,ea3a530737b17cbd60e70978651fcd4e722dc965f495889e31cbf5dfcfde8ecb,runtime map,scripts/autoloads/DataManager.gd
assets/portraits/enemies/skitterling.png,enemies,590,885,0.0,"(0, 0, 590, 885)",614052,316aa96e7b58d0997a8e7320904b07f7fe930ecd800e243a31bf73270f410a68,runtime map,scripts/autoloads/DataManager.gd
assets/portraits/enemies/slag_hound.png,enemies,595,837,0.0,"(0, 0, 595, 837)",680595,737c1e2a8a0d06122e00d90f402d65906997e6ba7652aac92bf81531089bb57f,runtime map,scripts/autoloads/DataManager.gd
assets/portraits/enemies/spine_stalker.png,enemies,581,895,0.0,"(0, 0, 581, 895)",530411,99457b86cdeca48b2f319379d42936b5593043d9256b1a1f677e6b1c959d2563,runtime map,scripts/autoloads/DataManager.gd
assets/portraits/enemies/static_skimmer.png,enemies,520,753,0.0,"(0, 0, 520, 753)",523432,8dbb0283dc9ea4a705abb45225c780ac37d5366cca710d2397ac27bc76dec493,runtime map,scripts/autoloads/DataManager.gd
assets/portraits/enemies/stormweaver.png,enemies,579,883,0.0,"(0, 0, 579, 883)",658182,b986eef0c52906cedeff931a720c10b30905ec3dafb1742850378bc02df47579,runtime map,scripts/autoloads/DataManager.gd
assets/portraits/enemies/synapse_herald.png,enemies,596,873,0.0,"(0, 0, 596, 873)",688468,e2daa0125d362658448db156e3af82a560cd3dbacf3665af684f9d3ad2c16611,runtime map,scripts/autoloads/DataManager.gd
assets/portraits/enemies/unused/cyber_phoenix.png,enemies,256,512,0.0,"(0, 0, 256, 512)",10609,5b645c6768c7e14086016bf45cb6771e325ac43afd6c5212dec6654c2d2a3dae,unverified / source variant,
assets/portraits/enemies/unused/harmonic_hexnode.png,enemies,296,308,36.6,"(0, 0, 296, 308)",7553,2aea6dc92a92e58a8e6f9087155fede9fe0a3f0cc5a885a01a17891ce99078a6,unverified / source variant,
assets/portraits/enemies/unused/veil_spare.png,enemies,291,291,0.0,"(0, 0, 291, 291)",10440,3ef92e4b0011a5793b84ce25880c9855b048515ff5578eed74e0e34cf456b234,unverified / source variant,
assets/portraits/enemies/volt_elite.png,enemies,582,894,0.0,"(0, 0, 582, 894)",581117,449900861b394d75dba9f823620f635def75934a37c76989f0559841cf69b9c8,runtime map,scripts/autoloads/DataManager.gd
assets/portraits/engineer.png,heroes,592,880,0.0,"(0, 0, 592, 880)",505019,210ab3eca5d41fd84ad4ae036fab47d0b3f6a355d312bbe046abbb76727526df,runtime convention,scripts/autoloads/DataManager.gd
assets/portraits/engineer_overclocked.png,heroes,592,880,0.0,"(0, 0, 592, 880)",567016,ca3693e08b022cdd4aa1b4a43707708b12f36f40ca8f7ea61286702df450856f,runtime convention,scripts/autoloads/DataManager.gd
assets/portraits/engineer_phantom.png,heroes,592,880,0.0,"(0, 0, 592, 880)",565867,9687466a6977404fc0d009c894d2fd634a6634980a4e7e5371a9fbc94a931b52,runtime convention,scripts/autoloads/DataManager.gd
assets/portraits/ghost.png,heroes,592,880,0.0,"(0, 0, 592, 880)",510855,d2fbe5e7f7022713281382d0c873539538a03ff743c7d115db3f7e274792c043,runtime convention,scripts/autoloads/DataManager.gd
assets/portraits/ghost_shadow.png,heroes,592,880,0.0,"(0, 0, 592, 880)",508313,342976292732b5aff7bb5e55d6aed41bfb9c722027d4345b438b6134355dcd15,runtime convention,scripts/autoloads/DataManager.gd
assets/portraits/ghost_wraith.png,heroes,592,880,0.0,"(0, 0, 592, 880)",524587,96bf46fe595e4015e24618dfabe6356208306a05ec2543a36aa07f8b3ef8668c,runtime convention,scripts/autoloads/DataManager.gd
assets/portraits/medic.png,heroes,592,880,0.0,"(0, 0, 592, 880)",587859,ae092e5802b45ae0ee135dbd81d9512a6a6c7b95d5e60a0046acbc9516ac0136,runtime convention,scripts/autoloads/DataManager.gd
assets/portraits/medic_medic.png,heroes,592,880,0.0,"(0, 0, 592, 880)",689550,58832bc67f5de926497e95aaf1163b46c37cce0fedf9d86e07b6b5a8214c1f0b,runtime convention,scripts/autoloads/DataManager.gd
assets/portraits/medic_synth.png,heroes,592,880,0.0,"(0, 0, 592, 880)",689698,cc629ec500ac41fc6f96ecbedfd0a9d6a20d3dc40e0333246ec1f3ab889b98ce,runtime convention,scripts/autoloads/DataManager.gd
assets/portraits/pulse.png,heroes,592,880,0.0,"(0, 0, 592, 880)",622330,f074b0f2ddeec12fbaa6db8a904d94617a5a87a8e12be3b87f501d99f2107761,runtime convention,scripts/autoloads/DataManager.gd
assets/portraits/pulse_arc.png,heroes,592,880,0.0,"(0, 0, 592, 880)",659526,dba4b2071d1fb31ec9b226e125fab879c1c0d1dd7e43bcb6b9348c389f1ad083,runtime convention,scripts/autoloads/DataManager.gd
assets/portraits/pulse_base_new.png,heroes,597,887,0.0,"(0, 0, 597, 887)",604844,0b74c8131cca21d94f141a85d20132d2de594b4490f8f1d0fef3b96f28d286a7,unverified / source variant,
assets/portraits/pulse_pyro.png,heroes,592,880,0.0,"(0, 0, 592, 880)",652295,5edd15da209dbcc25ac15bf7700c4e32e47735ac067280c0c010ba2b78bf827a,runtime convention,scripts/autoloads/DataManager.gd
assets/portraits/shield.png,heroes,592,880,0.0,"(0, 0, 592, 880)",452061,bd4abfae22939194551b19d8d14f28180f4a11a7e459bd0ed613fb6ecd508033,runtime convention,scripts/autoloads/DataManager.gd
assets/portraits/shield_bulwark.png,heroes,592,880,0.0,"(0, 0, 592, 880)",547450,b06f652bb3d288133a5960e70c5b822533221ec54a5d47896d039ec74fa7ad0c,runtime convention,scripts/autoloads/DataManager.gd
assets/portraits/shield_sentinel.png,heroes,592,880,0.0,"(0, 0, 592, 880)",557365,e8ee5163511cd569666c9445509342d5029094f2449805ae2aae1d1b092cddc0,runtime convention,scripts/autoloads/DataManager.gd
assets/shaders/dither_dissolve.gdshader,chrome,0,0,,,2312,0a4cbd3935f396842bf1f525362e6d22c3ac3e3471eb8df89c1aef11f2767305,literal reference,scripts/autoloads/TransitionManager.gd
assets/shaders/power_down.gdshader,chrome,0,0,,,2297,145ae29c351be1dfce0680022b057ab2f8a4978dfc6a2b2027e11b93326f9d9c,literal reference,scripts/autoloads/TransitionManager.gd
assets/ui/0bf294f7-33ca-4ed1-b5df-c5fcf9e4bd3f.png,chrome,1536,1024,92.0,"(12, 0, 1504, 1023)",2150671,3f0959085d3d3994782c50ca9420d31068894ecd75b5d2f606ddfb05258399f1,unverified / source variant,
assets/ui/315b1d86-43af-4c22-87a4-51b5e10a7358.png,chrome,853,1844,,,1499318,77a82af04e83db62fa8c0b8f461193175171d818c5ec32e955bd3a4c3ca36082,unverified / source variant,
assets/ui/6d7e9c00-b295-4a87-a749-5bce54ad1db5.png,chrome,1536,1024,,,1127852,5c4e0d3abc5f90cb4b0f342543effc736bf3a6330d081ed13f77bfc323fa4da3,unverified / source variant,
assets/ui/8092d159-98a6-45cd-8172-c8edf35bf3af.png,chrome,1536,1024,,,1554002,4eb8d4ffdd991fcb5fd09318e3ea40d8a1254063bc94cc374ca977b6d74a49d3,unverified / source variant,
assets/ui/btn_back_arrow.png,chrome,208,179,0.0,"(0, 0, 208, 179)",29741,0565bd0167715aede13f58220f9c118b39c1e6112555a8b3d6a83103c4287ae1,unverified / source variant,
assets/ui/btn_back_scifi.png,chrome,150,154,16.0,"(0, 0, 150, 154)",41171,f331561e1d9e52e31188313489b55f9cf3cc5ea486f183e8c865e52c168f6d45,unverified / source variant,
assets/ui/btn_debug2_scifi.png,chrome,148,154,16.1,"(0, 0, 148, 154)",42045,2659e48eabcfe261f64259363f4eeee7f9078897fbbaf6f23f40ba3a1f541a9c,unverified / source variant,
assets/ui/btn_debug_scifi.png,chrome,149,154,16.8,"(0, 0, 149, 154)",45084,881a30ff26d038c67180d53873aae520c48fa02674ab5b54043ed8926f973024,unverified / source variant,
assets/ui/btn_dice.png,chrome,189,179,0.0,"(0, 0, 189, 179)",36937,04b651b9bd57c801a92de17b8a9600fc992555ca34682bee93aaf3a5ae1951bd,unverified / source variant,
assets/ui/btn_empty.png,chrome,231,235,0.0,"(0, 0, 231, 235)",29108,672bdd5a40d249080c820b786dd025b2810253d30773fa88042b9be10d7df4dd,unverified / source variant,
assets/ui/btn_grid_123.png,chrome,189,179,0.0,"(0, 0, 189, 179)",36104,8863959c628cbbdba11a3ac0faf6f30dec99705c05e9018de8c6c9bcf4acf25d,unverified / source variant,
assets/ui/btn_help_scifi.png,chrome,149,154,16.3,"(0, 0, 149, 154)",42336,fa61788bb137a1a0591e5ac22808db768b57a8cd97b54b2913c96afe86df587f,unverified / source variant,
assets/ui/btn_increase_scifi.png,chrome,148,154,16.2,"(0, 0, 148, 154)",43143,e026a5e37367ae6415ed4437207affd3233b7fbe3e43473eb9b3b7b1e4d9f937,unverified / source variant,
assets/ui/btn_item_scifi.png,chrome,149,154,16.9,"(0, 0, 149, 154)",48110,ab9ac50e0ced9d64b73891772a297b9dab0ae9a425197e7e0a8bafdaa40693a3,unverified / source variant,
assets/ui/btn_large_gray_scifi.png,chrome,730,243,7.4,"(0, 0, 730, 243)",203344,5ce4bd4a9da967168771c3028af34849ff336a3900aa6d11b640facd5b18985d,literal reference,scripts/ui/pixel_ui.gd
assets/ui/btn_large_green_scifi.png,chrome,730,245,6.9,"(0, 0, 730, 245)",217413,fa36be4d199c68fc9b52e9736ce7a0c305f34ea1b2ea79d7b79da36bc70a50aa,unverified / source variant,
assets/ui/btn_large_yellow_scifi.png,chrome,730,246,7.4,"(0, 0, 730, 246)",214606,97cd94a1a0278e2c4160031d223a1075c72b987846693e474fb2d98e6ab4fcca,literal reference,scripts/ui/pixel_ui.gd
assets/ui/btn_question.png,chrome,236,235,0.0,"(0, 0, 236, 235)",39248,af0adfd68b22b28f1e06ff1b036261953fe72f3c346361b9f95044af6774e323,unverified / source variant,
assets/ui/btn_reroll_scifi.png,chrome,149,154,16.3,"(0, 0, 149, 154)",44929,6232bede05a06f03154caaf5bb4f0a6eec476b5e960fa76cd30b0eb539ff39ef,unverified / source variant,
assets/ui/btn_up_arrow.png,chrome,192,179,0.0,"(0, 0, 192, 179)",28236,538eff0609a02315371ec433ff9b37b8256193d8370e845a5f249f14182d7a6b,unverified / source variant,
assets/ui/dither_2x2.png,chrome,10,10,50.0,"(0, 0, 10, 10)",95,4d5d8875ec37989c66d2509ec177fdb9db2454741614210de445f4ddc01096be,literal reference,scripts/ui/pixel_ui.gd
assets/ui/edb38209-5b56-4402-9626-b0e2d7fc22d0.png,chrome,1586,992,,,888935,9570b4032d1b7a6571bb0549f5c2ba67b3bb594a411e6d0a739c66d9faf40895,unverified / source variant,
assets/ui/events/abandonedArmory.png,events,294,390,,,153727,47a491ffc7fb0684feef3fef6425e88dbba31d64d4e8d105309e99569b1775fb,runtime event convention,scripts/autoloads/GameState.gd
assets/ui/events/blackMarketNode.png,events,330,326,,,190001,33ae9071dfa161fbb9eb7b745c03e1d99360fcaaee7860202cd79c45b4057785,runtime event convention,scripts/autoloads/GameState.gd
assets/ui/events/cryoPod.png,events,323,434,,,230825,12e0f853bcb5009992bc7ad252e73c3265835f0cf1792d706ad1b0fc543778e8,runtime event convention,scripts/autoloads/GameState.gd
assets/ui/events/decoyBeacon.png,events,294,390,,,175824,2a6386a3a0fa03d2f90b3e1bf64e5773a9e70753bada0b6c03006d492e661d8f,runtime event convention,scripts/autoloads/GameState.gd
assets/ui/events/deepCache.png,events,329,326,,,213280,0add842475284b181bba352bbce86ebdc92ef817e4a55b291cbbc46ecf9d4fa5,runtime event convention,scripts/autoloads/GameState.gd
assets/ui/events/deepScan.png,events,330,326,,,214294,4c8574994f2d2bb1d797194081c2e8d4252df0c45a209b6dcf0e93d113d59980,runtime event convention,scripts/autoloads/GameState.gd
assets/ui/events/defeat.png,events,712,1024,,,1303146,8a28156e826d66493a18f924f213a02b4648de1f23e4d5cb1d43f7b304992129,runtime event convention,scripts/autoloads/GameState.gd
assets/ui/events/driftingWreck.png,events,350,434,,,244265,1c42c48d0f19c02b93616e6b419825c74f5b9048e5f10e2fe99c5fccdce3c951,runtime event convention,scripts/autoloads/GameState.gd
assets/ui/events/firingSolution.png,events,369,434,,,246552,84acce676b4585e4b11ddbbe237911f18162481460a8ab780e785d9a3d3f2ea9,runtime event convention,scripts/autoloads/GameState.gd
assets/ui/events/ghostFrequency.png,events,329,326,,,214916,cff199feaf0e4374938df0121d2d7e837faa02489cd1f8935b11dff2cf85bc1e,runtime event convention,scripts/autoloads/GameState.gd
assets/ui/events/hallway_1.png,events,368,208,,,109540,0d93b4c5fa6f63e3cc94c113565488a359fb1561f3c93bad34ce7df3817b090a,unverified / source variant,
assets/ui/events/hallway_2.png,events,370,208,,,105886,57b9cc6db9375b9b934eadd4d463ebe973ea3c625815d6cdf96ed65ccbe641b6,unverified / source variant,
assets/ui/events/hallway_3.png,events,366,208,,,114625,2cb2cb338bafd8fb09308bc6690c31e102547e1f39d41e6138d88d575be6a490,unverified / source variant,
assets/ui/events/hallway_4.png,events,371,208,,,114747,7c5c41cef29f0d4f95ad109907a4296d2a48dc85b1ad9e82cec81b095b9b93e2,unverified / source variant,
assets/ui/events/hallway_5.png,events,371,208,,,109379,40e46059b0177f77ce3854c41bf02149946f89095797b5676f21653dea17d07d,unverified / source variant,
assets/ui/events/loadoutSwap.png,events,328,434,,,239689,843f6cc5455e070097601f814d17662591839f1ab06f6857513d79fa62d42444,runtime event convention,scripts/autoloads/GameState.gd
assets/ui/events/memorialProtocol.png,events,330,326,,,164305,fe4edd22e0c5a92168b5400d0e201e88b244dd1df57e9f57583eedc5ac25e893,runtime event convention,scripts/autoloads/GameState.gd
assets/ui/events/overclockChamber.png,events,294,390,,,186005,d562c1436f98c7aeb1c176a8dae2af0e1788d7171fe73f6952a805ecd9eb7d4c,runtime event convention,scripts/autoloads/GameState.gd
assets/ui/events/overloadRites.png,events,329,326,,,226396,d063112505f43ba7177a106e7ff086b829329eed8685051838a3539bafaff225,runtime event convention,scripts/autoloads/GameState.gd
assets/ui/events/prisonerExchange.png,events,330,326,,,202030,fd982740134d599f227d4f8d148406dcc350dadc6eadbeb8f2420686208e6c1b,runtime event convention,scripts/autoloads/GameState.gd
assets/ui/events/rogueEngineer.png,events,329,326,,,202785,a90df06e2fa59caa59fa8c002ebfd149ecf550c693b757c65b3f6a52643fa119,runtime event convention,scripts/autoloads/GameState.gd
assets/ui/events/salvageCache.png,events,294,390,,,175282,6b06cd0b81ccdd4eeff984160f45e0215ac4e1f4b7183081d71b56abd1a3f078,runtime event convention,scripts/autoloads/GameState.gd
assets/ui/events/signalDecrypt.png,events,295,390,,,165347,d5db028d862900c05294ba1d37c3eebd2c14c08f0dcf160bcbbf210ad1252098,runtime event convention,scripts/autoloads/GameState.gd
assets/ui/events/spliceDeal.png,events,329,326,,,218753,4253165e1035f2a9b3dd4d14d786023fcabff69bf0aceafffdbfa44a6f046818,runtime event convention,scripts/autoloads/GameState.gd
assets/ui/events/supplyDrone.png,events,317,434,,,191802,39d9cd906b2a5a8f0d6329b0c8a0d86480a803f212837cffd2a98952757def73,runtime event convention,scripts/autoloads/GameState.gd
assets/ui/events/theFoundry.png,events,329,326,,,208614,ded5be78c3654870ed298e062bef7085d5dd332cf4f954d50da68f4015ea1669,runtime event convention,scripts/autoloads/GameState.gd
assets/ui/events/trainingSim.png,events,295,390,,,169924,acf26de90323b4d60a3a44ff958435344abaacd958ffbe4fd04bd1a424bbccbb,runtime event convention,scripts/autoloads/GameState.gd
assets/ui/events/unstableReactor.png,events,329,326,,,209626,83050361b497e10e07d7e45c7e47b5fe469995ccb8c12248eaa4fef086d30005,runtime event convention,scripts/autoloads/GameState.gd
assets/ui/events/victory.png,events,712,1024,,,1369291,c865395f95e505e77959ef2fc9203ea3ffc171cfc48c0ab5d94d257da695491e,runtime event convention,scripts/autoloads/GameState.gd
assets/ui/frame_bar_horizontal_probe.png,chrome,1496,120,0.0,"(0, 0, 1496, 120)",178800,28b6396078db5f80201ae72005de080951943e202b70c966a8df78747b3ca9e3,unverified / source variant,
assets/ui/frame_bar_horizontal_scifi.png,chrome,665,38,17.7,"(0, 0, 665, 38)",34815,974a9d5b6193cd4e6ee35ef231b96f1491038423131b83f74b2bf7a28e390634,literal reference,scripts/ui/pixel_ui.gd
assets/ui/frame_bar_shallow_scifi.png,chrome,300,120,4.4,"(0, 0, 300, 120)",41342,cd93c3ee2eae8a9a0bb4218c1c2d42730f54f2ed883b2ba6e2e139760229ff4f,literal reference,scripts/ui/pixel_ui.gd
assets/ui/frame_bar_simple_scifi.png,chrome,1465,86,0.0,"(0, 0, 1465, 86)",96433,0d2bd3d8b213c920e4108e435ca21d6572d95fd31c1f45ba3067703cf64e4e22,unverified / source variant,
assets/ui/frame_bar_simple_scifi_probe.png,chrome,1490,180,0.0,"(0, 0, 1490, 180)",244000,75ba74fa817113526070cca9882641db3ada06fab5bdd861bbe1f0f2991a629d,unverified / source variant,
assets/ui/frame_bottom_bar_2_scifi.png,chrome,701,141,13.7,"(0, 0, 701, 141)",121390,3e72b746dd6da445b2d72d11efd871dfcd19dcffc3ba1640ee50a9a5b343d8e5,literal reference,scripts/ui/pixel_ui.gd
assets/ui/frame_bottom_bar_scifi.png,chrome,701,137,11.7,"(0, 0, 701, 137)",114086,05c0ca8fe16496064c0bd03ef849757865ae2dcc6931da8974bb02576d96ae10,literal reference,scripts/ui/pixel_ui.gd
assets/ui/frame_corner_dots.png,chrome,236,237,0.0,"(0, 0, 236, 237)",49064,f3a75325f788942cd128155548f0c3b5af38029ccdcaa5226a52583bf3580372,literal reference,scripts/ui/pixel_ui.gd
assets/ui/frame_crosshatch.png,chrome,231,258,0.0,"(0, 0, 231, 258)",86903,f16bcf41ca2f11ec1d6b293245a28568474274c573b44b928516c8f391cb78df,literal reference,scripts/ui/pixel_ui.gd
assets/ui/frame_dice_tray_scifi.png,chrome,876,388,11.4,"(0, 0, 876, 388)",404675,e94905fb478705493554ecafe4f8b88aab577bcaf5c3d1a2dcc5a5575f05fb83,literal reference,scripts/ui/pixel_ui.gd
assets/ui/frame_glow.png,chrome,236,237,0.0,"(0, 0, 236, 237)",37911,7c91f067f3b84bd5615d0301960b7e59e723db04512f8e9a985ec1b066b8a2b0,literal reference,scripts/ui/pixel_ui.gd
assets/ui/frame_item_scifi.png,chrome,212,197,75.7,"(0, 0, 212, 197)",48169,e2e1ac962f5e1e6d8e476d031ee133d2dda60fabc463acdf9e1c916f4317f04d,literal reference,scripts/ui/pixel_ui.gd
assets/ui/frame_portrait_scifi.png,chrome,440,420,83.4,"(0, 0, 440, 420)",147571,5aff9508388b35fc6baf8b6967f899e1483ad852981442b9efec09f0bd5a047e,literal reference,scripts/ui/pixel_ui.gd
assets/ui/frame_scanline.png,chrome,236,258,0.0,"(0, 0, 236, 258)",68289,e38cc644b889ce41108c56d8f08c0f36615b7e4c87f0f1a0adeac6371b170e73,literal reference,scripts/ui/pixel_ui.gd
assets/ui/frame_simple.png,chrome,231,237,0.0,"(0, 0, 231, 237)",31114,d77d2ebeb2928d0541f9db0b8050d59c50e6eab5e1c8d374e32f1cf22d2df7ef,literal reference,scripts/ui/pixel_ui.gd
assets/ui/frame_simple_bar_scifi.png,chrome,665,665,2.9,"(0, 0, 665, 665)",424034,b86569aac4e6032e09f64b4469d46138d8915852c2ae86b7a6acd8611b5e672e,literal reference,scripts/ui/pixel_ui.gd
assets/ui/frame_small_landscape.png,chrome,236,101,0.0,"(0, 0, 236, 101)",15954,08a57df6a5216a44ce779bd19e58188cfb6464a8895c3823aa08f4065ccedf30,literal reference,scripts/ui/pixel_ui.gd
assets/ui/icon_flame.png,chrome,275,162,0.0,"(0, 0, 275, 162)",39668,2218ca644c692a561e13e33487e26e6a3ec4d7efbb26124341faa0394c946ddc,unverified / source variant,
assets/ui/icon_gears.png,chrome,567,158,0.0,"(0, 0, 567, 158)",90610,eda2550415fd5c5cd4f4ff48f8ab1dfaf360b22caf56310f99c535bdbbca4bfb,unverified / source variant,
assets/ui/icon_lightning.png,chrome,275,162,0.0,"(0, 0, 275, 162)",46810,dea2e2f6b28c2e3b5e0208db88d153c229697ec97bde84cde0b713da43025cdc,unverified / source variant,
assets/ui/icon_shield.png,chrome,275,163,0.0,"(0, 0, 275, 163)",43996,42b12d1de5f7e56ca50427ac29b1a66db31d3aadd104a0c5629ca22ad68c504d,unverified / source variant,
assets/ui/icon_star.png,chrome,238,158,0.0,"(0, 0, 238, 158)",35545,8a33a79a9a38419d67414ff593e56dcfe6c3ae7ba7105279b735b70979a1cb2e,unverified / source variant,
assets/ui/icon_sword.png,chrome,275,167,0.0,"(0, 0, 275, 167)",40721,d6d703197cc92cdb0bf778614e37e8f2f092a5a7b19a64dfb8cd64267deae7cf,unverified / source variant,
assets/ui/icons/Bonuses-0001.png,icons,160,160,79.2,"(5, 5, 155, 155)",10923,33ebeb097ac28c288a5e9f52e61fe8ec84c33b7c699063df591b9d52e1b37000,unverified / source variant,
assets/ui/icons/icon_back.png,icons,128,128,90.1,"(29, 12, 98, 116)",7230,9d39f0f12d7f5607f52ff151ce2bedf07efd868f63280bdff059ac5fba593ffd,literal reference,scripts/ui/home_screen.gd; scripts/ui/pixel_ui.gd
assets/ui/icons/icon_debug.png,icons,128,128,89.8,"(10, 30, 118, 97)",7030,aa87d826e5e1b4a58874207582847f8daa678cc87017206dc7daf371e6e50c57,literal reference,scripts/ui/pixel_ui.gd
assets/ui/icons/icon_debug2.png,icons,128,128,79.8,"(13, 10, 115, 118)",13382,42be780a0791786ff5a0d8eb7cc8baf983cc53bcfd7adb98bd655311d07c8b49,literal reference,scripts/ui/pixel_ui.gd
assets/ui/icons/icon_evolve.png,icons,128,128,86.2,"(29, 10, 98, 117)",12314,b03abe5e7854dad33c05a806d33135dbf5c9cc614731750bdf9cc6fa722bd3d6,literal reference,scripts/ui/pixel_ui.gd
assets/ui/icons/icon_flee.png,icons,128,128,83.5,"(15, 10, 113, 117)",10393,103be1ec7b7c0d7d73364e80f7d3923cc0591d6b10cd083187a04a8d8802a6b4,literal reference,scripts/ui/pixel_ui.gd
assets/ui/icons/icon_help.png,icons,128,128,86.4,"(32, 10, 96, 117)",6836,0d33c9c1b7774a13afad4d63b5fe93c68e7d85ef476f59e9a75772c1e2a30da1,literal reference,scripts/ui/pixel_ui.gd
assets/ui/icons/icon_increase.png,icons,128,128,78.6,"(24, 10, 104, 117)",6821,9dc3c4666a1780343ae0951114de660fa8cc924debb186f3c3f1519905d907ca,literal reference,scripts/ui/pixel_ui.gd
assets/ui/icons/icon_item.png,icons,128,128,78.9,"(10, 15, 118, 113)",10472,f61398de2d9abad40e64b2adb18e85d2c4637852586a306fbb4618143b1db63c,literal reference,scripts/ui/pixel_ui.gd
assets/ui/icons/icon_lock.png,icons,128,128,73.5,"(23, 10, 105, 118)",9936,326eee70766948a58baa7445eb40f1d3e8d5093ad5ecb3d4829259ecdea40e92,literal reference,scripts/ui/pixel_ui.gd
assets/ui/icons/icon_new.png,icons,128,128,90.4,"(49, 10, 78, 117)",3855,bd466793ae6d5019ec70686fb5f04302034b21be6cc1e5d4afc1e2b0189a08db,literal reference,scripts/ui/pixel_ui.gd
assets/ui/icons/icon_reroll.png,icons,32,32,,,223,d2f9a8183681d5aacae0113c4ced8450020433240f603f016c5a75d50432251b,literal reference,scripts/ui/pixel_ui.gd
assets/ui/icons/icon_set.png,icons,128,128,80.7,"(9, 0, 119, 128)",24938,d63c5c2f07a854111038d980d2d46a9c5ab2622547eaaf98a19b343693e6249b,literal reference,scripts/ui/pixel_ui.gd
assets/ui/icons/icon_settings.png,icons,128,128,74.8,"(10, 10, 118, 118)",13002,e2e914054fd778f725db9046486fced38c47cb8df8c0fc3ef46dc1fedbd7b16d,literal reference,scripts/ui/pixel_ui.gd
assets/ui/icons/icon_swap.png,icons,128,128,85.9,"(10, 11, 118, 116)",10750,d4fe02d21b753bce1a2e23bb9639d998f01dd4d66df8931ae418672147fffa0c,literal reference,scripts/ui/pixel_ui.gd
assets/ui/icons/pip_icons.png,icons,1536,256,44.5,"(44, 0, 1520, 256)",33025,213c7f21c9c372255d2263e5b04fc03b3d3f746db95f27f478000dd7bf87434f,unverified / source variant,
assets/ui/logo_base.png,logo,1588,504,52.7,"(8, 8, 1581, 497)",615732,d2da0888dd38123f5027c841b284cf3fb1d0c496900ba3f266bbc0a833327f72,literal reference,scenes/ui/TitleLogo.tscn
assets/ui/logo_core.png,logo,1588,504,98.1,"(9, 18, 350, 329)",51359,f3b689787d9f06c1321098a23c8cd3bfc9b0635cc3b21c2ad619f9e7c7daf6f0,literal reference,scenes/ui/TitleLogo.tscn
assets/ui/logo_protocol.png,logo,1588,504,97.1,"(31, 382, 1560, 497)",40875,2e73b4c865c1072c2d62b4547e658cee9736f67c7087cf3aa3144d131871d6e7,literal reference,scenes/ui/TitleLogo.tscn
assets/ui/logo_scifi_overload_protocol.png,logo,1280,290,56.0,"(48, 21, 1280, 290)",600580,c87a144c348a316b0bd047675349e1e3be855244a5041e003061a908cfa4e3bb,unverified / source variant,
assets/ui/pip_burn_scifi.png,chrome,128,189,0.0,"(0, 0, 128, 189)",32278,25b794154383d00cfeb96be0dabbacd704e1d4352792af64cccd459a48bcd984,unverified / source variant,
assets/ui/pip_damage_scifi.png,chrome,148,211,0.0,"(0, 0, 148, 211)",38505,3118cdf0a145d7dfb31a5212553475a2211c9f7473c33b757dddfc87e61bcfdd,unverified / source variant,
assets/ui/pip_freeze_scifi.png,chrome,163,189,0.0,"(0, 0, 163, 189)",48496,a421de00db9c06abce94c2100837a2a5fe47d9e3e317a5da0c83d8afe2a71888,unverified / source variant,
assets/ui/pip_heal_scifi.png,chrome,166,178,0.0,"(0, 0, 166, 178)",30617,08a5f81194b231274027e7f22ab8485e56fcfc00168a5629810609b2685dd489,unverified / source variant,
assets/ui/pip_roll_down_scifi.png,chrome,177,190,0.0,"(0, 0, 177, 190)",45327,423c9730f9779770700c129fe0e22f6daead3577c297b33747dc462e5aefcd98,unverified / source variant,
assets/ui/pip_roll_up_scifi.png,chrome,176,191,0.0,"(0, 0, 176, 191)",45332,0c15690f1ac810b934cee5f7b4325989dc041da577d2ea95c6c9e2d05934ecc3,unverified / source variant,
assets/ui/pip_shield_scifi.png,chrome,156,201,0.0,"(0, 0, 156, 201)",40247,40aea943b06b33c7a4f0f649d65921997b1a9b1e74e64ec96b57af8fa37479bc,unverified / source variant,
assets/ui/pips/accrete.png,pips,128,128,88.6,"(0, 2, 128, 125)",21803,04e65eb0f81c4394b8b77f876ed983306386384ab51acd65de0cfeff43dd5df5,unverified / source variant,
assets/ui/pips/aoe.png,pips,128,128,79.9,"(3, 2, 124, 126)",10091,46227d4547bab32885ffd8a9f4a4f964db2a2f8e38153b820245ca68a179b1da,unverified / source variant,
assets/ui/pips/breach.png,pips,128,128,86.3,"(0, 1, 128, 127)",25730,503c68a6b850f1f488c81787ad19f1803e4f11aca323698e9dafcd5a88a8ccc5,unverified / source variant,
assets/ui/pips/burn.png,pips,128,128,62.9,"(13, 0, 114, 128)",18116,de38623041d54f60dc7179931868d5d0f1e9859d8f4f580096b2b4d35fcb9b43,unverified / source variant,
assets/ui/pips/chain.png,pips,128,128,85.0,"(2, 0, 126, 128)",17994,de56f39aee1c3e08d50e4f5aa33da9f4d733bc54f1af26b8e9630cccffef205f,unverified / source variant,
assets/ui/pips/cloak.png,pips,128,128,98.6,"(8, 0, 120, 128)",10737,3b85c1932b1a2c832973007827a243b142d19953c512a52e3fae0ce1897c9892,unverified / source variant,
assets/ui/pips/damage.png,pips,128,128,81.1,"(22, 0, 106, 128)",13886,8b02c9dd89a758ea32d31945b2fc35276d8fe18965cf307bb55e0af828c73af2,unverified / source variant,
assets/ui/pips/detonate.png,pips,128,128,68.7,"(4, 0, 124, 127)",20068,8d5a0f34075ed982c6661ec9460ee61d4d15b9ea50b5c89a63e4a363d870708e,unverified / source variant,
assets/ui/pips/execute.png,pips,128,128,59.2,"(6, 0, 122, 128)",21974,1eca4cd8df53f1796f7b64e422ae74e94b7d6087e020c5234c19d6299c33e188,unverified / source variant,
assets/ui/pips/firewall.png,pips,128,128,87.4,"(7, 0, 121, 128)",24924,7ef34f27f7f26ad1c7a84ef1832257ad62ea2e600c53778d322e8759e1dab09c,unverified / source variant,
assets/ui/pips/freeze.png,pips,128,128,83.0,"(10, 0, 118, 128)",20410,093fed54a228f2e444f058c8247d6f0a0fe21e1d9d3a59bf64f843e21b217486,unverified / source variant,
assets/ui/pips/heal.png,pips,128,128,60.6,"(3, 0, 125, 127)",17094,710d0c4a18d0fe2f93bdf165c01e6ef6e44ee69b9cb2cc8d2e981ec1d14c4543,unverified / source variant,
assets/ui/pips/hijack.png,pips,128,128,90.4,"(8, 0, 120, 128)",24853,7e3dbd0a206f1da703d600237cd9fe929266700fdb85cfad9749d1ed7b03dd2a,unverified / source variant,
assets/ui/pips/jam.png,pips,128,128,95.1,"(0, 3, 128, 124)",30797,f1bd8b194c7132a0ab05c467ab3be17d61d91515c8a242b1c234b37f63be4f51,unverified / source variant,
assets/ui/pips/leech.png,pips,128,128,69.6,"(4, 2, 120, 126)",15657,4fdf3a58250af41fa319e5991af555457d62efe731de2cd5a146ba8b1ebcbef0,unverified / source variant,
assets/ui/pips/mark.png,pips,128,128,94.6,"(5, 0, 123, 128)",11058,1f9bd49b4beb166fdb4dc12a976a4d29ae2062c9bbf6206440767843cf6b3df1,unverified / source variant,
assets/ui/pips/pack_bonus.png,pips,128,128,65.5,"(0, 2, 128, 125)",14785,3424b0944b219965fadeff96140c06d9b18cd962eb6e4a2ee32691fec2a5c66e,unverified / source variant,
assets/ui/pips/pierce.png,pips,128,128,91.1,"(0, 9, 128, 118)",13553,085a2641fafdb83125d102c545159d94d8856a89f5e6c8ac901dad6d2a00a2eb,unverified / source variant,
assets/ui/pips/protocol.png,pips,128,128,73.6,"(11, 0, 116, 128)",27507,bc664949ac1a2636a1af6a5cc02b2e6478ecf8812157908159ea954d8ddb4c8b,unverified / source variant,
assets/ui/pips/rampage.png,pips,128,128,75.2,"(1, 0, 127, 128)",12790,ce48c2f2c352c040e1495b684304f8feb0ade90de4d9e9ee70327e3292197a2a,unverified / source variant,
assets/ui/pips/revive.png,pips,128,128,81.4,"(5, 0, 122, 128)",15379,f36b9f84157a2222b5db617f77925b8d20323b8e573fd4715ad97b9c48136f03,unverified / source variant,
assets/ui/pips/rewrite.png,pips,128,128,74.8,"(8, 0, 120, 128)",27894,ec3c92988e0b889afe662d13d30643b42a7359ac1281a2268aab36fa99964f66,unverified / source variant,
assets/ui/pips/roll.png,pips,128,128,80.7,"(9, 0, 119, 128)",29516,0fae7b4fb1a455b309a0c7bb7abe4923674d525a83419a3a73fc992cb5722641,unverified / source variant,
assets/ui/pips/self.png,pips,128,128,69.4,"(3, 0, 125, 128)",13679,7fdf22ad2c01df25e4b1a9cef79dd51d5d2824aef61f23155e1729d5652ad4d8,unverified / source variant,
assets/ui/pips/shield.png,pips,128,128,80.6,"(13, 0, 114, 128)",22418,18053cf1dffdb855ab634ad1e2ac7a95716f7bff9053b93cd2061612d0669cfe,unverified / source variant,
assets/ui/pips/siphon.png,pips,128,128,95.5,"(12, 0, 116, 128)",13306,04c482c8e1188506d711b3125d604ca3719eb411a931cd09441321f9044a1797,unverified / source variant,
assets/ui/pips/spike.png,pips,128,128,95.5,"(9, 0, 119, 127)",11754,eca88d500d616bb859aff8efd48febbf6c4a9de13b7370867594c00d72c28d58,unverified / source variant,
assets/ui/pips/summon.png,pips,128,128,77.6,"(3, 2, 125, 126)",15254,7e802b65e61c4b32b28e9c1b902d837b418142bf91bcdaa880f096083690d5a2,unverified / source variant,
assets/ui/pips/target_lowest.png,pips,128,128,76.8,"(2, 3, 126, 124)",11276,477063cd88d4a764a2cce18812ba0280fa65e7287353cc1cb083e70dec4825e6,unverified / source variant,
assets/ui/pips/taunt.png,pips,128,128,63.0,"(2, 2, 126, 126)",19106,b7e13b02cad6e9c0101030c952130daaddad25657dba8571219a0582794d80ca,unverified / source variant,
assets/ui/probe_b.png,chrome,260,70,0.0,"(0, 0, 260, 70)",19504,52140b6d7732d365e3aeee2af5b948ccb5543befa72f75f926ef6c10e8660388,unverified / source variant,
assets/ui/probe_bl.png,chrome,110,110,0.0,"(0, 0, 110, 110)",14445,b593ee5d2abbbe402393c551e135999283ad7d7b314902355fc530f8812edea5,unverified / source variant,
assets/ui/probe_br.png,chrome,110,110,0.0,"(0, 0, 110, 110)",15593,3c429527db9b8e3541d9015f8c3eb0652a50c0beb6a453978b93613dda1d8757,unverified / source variant,
assets/ui/probe_c.png,chrome,60,60,0.0,"(0, 0, 60, 60)",3015,7a90fdcd1b8d4e7f91750e7f4f9840fa9f0b97a36767e3f93d1b47821b52f318,unverified / source variant,
assets/ui/probe_contact.png,chrome,900,380,0.0,"(0, 0, 900, 380)",143192,9cec0c4267fe5371cdb029b78d935ac45c61cb4b6298d87aff54f04b3f45862d,unverified / source variant,
assets/ui/probe_l.png,chrome,70,180,0.0,"(0, 0, 70, 180)",17882,0e32a5a3276db83a36315007c05c6275f6ac1b6e8571bbc9d59560f97a919332,unverified / source variant,
assets/ui/probe_r.png,chrome,70,180,0.0,"(0, 0, 70, 180)",16974,f1be81f6e1e5e97fb712dd140077eb41824bdf7ccb367bfbdbc981faad0c6059,unverified / source variant,
assets/ui/probe_t.png,chrome,260,70,0.0,"(0, 0, 260, 70)",21162,cdeb681d0ab353658959dad8f72d5486d9b2810479e60f1b74608c3340e577b9,unverified / source variant,
assets/ui/probe_tl.png,chrome,110,110,0.0,"(0, 0, 110, 110)",17240,ef5e9e86f68f4f54546cdd55c8b983a8c85e76c472c9c8129b4dd0d213b4a9b0,unverified / source variant,
assets/ui/probe_tr.png,chrome,110,110,0.0,"(0, 0, 110, 110)",15446,9558402717deb869d62fa00240845ae1b6a7300291ba20712dde0c2ae0b9ea47,unverified / source variant,
assets/ui/protocol_card_a.png,chrome,233,106,9.2,"(0, 0, 233, 106)",39364,b9cd72906719a0498652d5a858c8b0e478beec78cac959ec613af54fb1845a4f,unverified / source variant,
assets/ui/protocol_card_b.png,chrome,233,105,9.8,"(0, 0, 233, 105)",41588,0f4159d38c600efa51673e394402700519827dff40b920de2e26a886bc588129,unverified / source variant,
assets/ui/protocol_card_c.png,chrome,233,107,7.2,"(0, 0, 233, 107)",40826,e040a0d734e31f78ed002d17c24b63c93c319458dca8ce73e46fa7eaad940890,unverified / source variant,
assets/ui/protocol_card_d.png,chrome,233,107,9.0,"(0, 0, 233, 107)",44079,a9cc694887d0780c8a5fa4308b74f342c0549eab4630a98a84c7c51cbf2b0543,unverified / source variant,
assets/ui/protocol_card_e.png,chrome,233,108,9.3,"(0, 0, 233, 108)",42285,ff0f6625d8dc18040ee82ac84e09bae5f62beea9a8f94174f59b8eb47f020d59,unverified / source variant,
assets/ui/protocol_card_f.png,chrome,233,108,10.2,"(0, 0, 233, 108)",44348,e10bc26160f8570c8538e9d2914615722b52012b6d01f5db83bf7f4e19f8447b,unverified / source variant,
assets/ui/protocol_card_g.png,chrome,233,106,9.2,"(0, 0, 233, 106)",42820,01e9815c9bb646837500a348517891c9c6fba5117e65fe7bf4bc25f3364a7925,unverified / source variant,
assets/ui/protocol_card_h.png,chrome,233,106,9.6,"(0, 0, 233, 106)",44543,627ba45dbc85d594f68d4946b5c3417c49705c38da6225a8396c0df8420a186f,unverified / source variant,
assets/ui/protocol_card_i.png,chrome,233,108,9.5,"(0, 0, 233, 108)",44546,7694059a6f1c85cc302d76aa902020561ccf860a7d6065231c9bdbba07cf8dde,unverified / source variant,
assets/ui/protocol_card_j.png,chrome,233,108,10.2,"(0, 0, 233, 108)",46094,3c36315aca2e66b20439632b00b9a392e8e49ecf3d7f690c837510cb8104c1e9,unverified / source variant,
assets/ui/protocol_card_k.png,chrome,236,107,9.3,"(0, 0, 236, 107)",45715,47f9f16afdf6456bf79d99fe3ad4ef74d5e2c3869f624ab55ef68786790cdf8f,unverified / source variant,
assets/ui/protocol_footer_bar_scifi.png,chrome,1330,265,4.1,"(2, 2, 1328, 265)",506968,8de58454f2ef0d4c936a5c4afb4da7dca5f713652427ba29bbe852371aaa1abb,unverified / source variant,
assets/ui/protocol_home_panel_background_450x1000.backup.png,chrome,450,1000,96.0,"(0, 0, 450, 1000)",168867,2cbc1b6ca75594c54099c794965d663090d37bb20d8b70c75c5e924dac557978,unverified / source variant,
assets/ui/protocol_home_panel_background_450x1000.png,chrome,853,1844,,,1499318,77a82af04e83db62fa8c0b8f461193175171d818c5ec32e955bd3a4c3ca36082,unverified / source variant,
assets/ui/source_mockup.png,chrome,1536,1024,,,1092629,d2c1f204de6ec3a5bfb707e1033629f3026ef46310e2eae3691b10aae9854689,unverified / source variant,
assets/ui/source_mockup_2.png,chrome,1536,1024,,,1081307,f0346b1d9db44e461efb929015cfe118130a389b022f53f619bc9d93baf9bae4,unverified / source variant,
assets/ui/source_mockup_3.png,chrome,1536,1024,,,1141622,97a736d97ecc5c87fc224ad73215540d6de353b218b9dd63805484875ad2a82f,unverified / source variant,
assets/ui/source_mockup_4.png,chrome,1536,1024,,,1499854,3cb585d607c9b799be5803f2629a15b8083330293a6a5b2568f82a82394ebe21,unverified / source variant,
assets/ui/source_mockup_5.png,chrome,1536,1024,,,1543621,57e04f501bdc6ab621adad21672fc5945c0952c43af0d3766c589aaa507cd0ce,unverified / source variant,
assets/ui/source_pips.png,chrome,1536,1024,,,1434380,b8a7864afbc91337252242ab14dc1756a3f32375f8bf167c5d479795f2157870,unverified / source variant,
assets/ui/starfield_background.png,chrome,900,2000,,,21490,8866bead79929dec33e8fe658e88ec2085949982a8ce7b2b4473260c83fd08e7,literal reference,scenes/battle/BattleScene.tscn
assets/ui/theme_overload.tres,chrome,0,0,,,7008,2e0ade14cd5b60d37bbb71738a400538346dc18d41bf69bcfd17ff1557b5542c,literal reference,project.godot
legacy-angular/public/dice/d20-sprite.png,legacy,201,201,,,4038,b605a2acbd7576d166b9038d2e57bac531ecbd2948ac441858719501ef576899,unverified / source variant,
legacy-angular/public/dice/d20-sprite.webp,legacy,201,201,72.4,"(5, 7, 195, 193)",3068,32d8a43d0c8c7e5138c7eeec1746497ad5895cdb7d35e88fc060c0622ef41367,unverified / source variant,
legacy-angular/public/enemies/boss-portrait.png,legacy,240,317,,,60520,465f1831fe88ecf0bfcc4d38acff7f9a68c97df6790d756fc688627a5719df97,unverified / source variant,
legacy-angular/public/enemies/boss-portrait.webp,legacy,240,317,,,53168,91866dfded5551e73e3a897aa6c26a6912793b1a248f6aaf00345cb3a7bac095,unverified / source variant,
legacy-angular/public/enemies/brood-portrait.png,legacy,1376,768,,,707804,9488fc500222dd03116410176944cfcf724aa6b5f770080a92717d64ee78b2c9,unverified / source variant,
legacy-angular/public/enemies/brood-portrait.webp,legacy,1376,768,,,516486,c548f5b7c45a83ba2dc284f1bc9f4737cb7ed1303f7d9e8568579d04ecc51ef8,unverified / source variant,
legacy-angular/public/enemies/carapace-portrait.png,legacy,1376,768,,,675025,ade6d9d1f168fccd9585bdacc9d22575aeb5b6de532c8f3d7981da01e8df9186,unverified / source variant,
legacy-angular/public/enemies/carapace-portrait.webp,legacy,1376,768,,,520416,276197dd6364b291548af6714236d37d3c06bf5508db9572ab384157dcf98d52,unverified / source variant,
legacy-angular/public/enemies/eclipse-hyena-portrait.png,legacy,1376,768,,,537987,b596bb47a0a92763f9fa5fcf2bd25c1848a4fb615c5f864732c00128994bd2a5,unverified / source variant,
legacy-angular/public/enemies/eclipse-hyena-portrait.webp,legacy,1376,768,,,409358,21e416441752ad8c172742b086b15cbf3bd9892be58adb31cbadebaf932e8d70,unverified / source variant,
legacy-angular/public/enemies/eclipse-lynx-portrait.png,legacy,1376,768,,,555070,28237c48d66842d7c6cb1989da05af1612deb6d33d5bca6a6ab4862a87ab2936,unverified / source variant,
legacy-angular/public/enemies/eclipse-lynx-portrait.webp,legacy,1376,768,,,441456,486908e875483c5c483a1448f39ca7b361b83f67351c5f7c7c21c98c64215c19,unverified / source variant,
legacy-angular/public/enemies/guard-portrait.png,legacy,240,317,,,56440,07d341c259fb6adabb0f7f5f1c118294edb6bfd58b9417cd8527b0c168a175ca,unverified / source variant,
legacy-angular/public/enemies/guard-portrait.webp,legacy,240,317,,,47790,443ae5fa21921769980381ce5b33c7339c922a118acc0393600b89fae9c3db14,unverified / source variant,
legacy-angular/public/enemies/hive-boss-portrait.png,legacy,1376,768,,,701686,d2129ecfdd3abd70e5aca447fe8db2c5052b218b5ad7ae49a55dc8818ee4141b,unverified / source variant,
legacy-angular/public/enemies/hive-boss-portrait.webp,legacy,1376,768,,,541500,0b5c7872d1a8149e6a1ff68eac20f4bde549d5e5fce1b48a6e440bba1ddfee1f,unverified / source variant,
legacy-angular/public/enemies/mite-portrait.png,legacy,1376,768,,,774580,4c65d9953438fb4cf41d07058db1e9ad4c984a231f98b66c9a5a63b47187ff57,unverified / source variant,
legacy-angular/public/enemies/mite-portrait.webp,legacy,1376,768,,,538632,e6ea09f64b6a0cfe35485c5dc4adcaf8f8b8c6661b9c4a32feace98307535b1b,unverified / source variant,
legacy-angular/public/enemies/patrol-portrait.png,legacy,240,317,,,56090,02e4b459aa2150e28cfcc064f05beda31a520b8d6e0adafffbb927d5b33deafb,unverified / source variant,
legacy-angular/public/enemies/patrol-portrait.webp,legacy,240,317,,,47604,3fe271c8c3a84eab1b1999153116d8d519d5e650ebcf13e9ca1fecc67baf1ab1,unverified / source variant,
legacy-angular/public/enemies/ridge-badger-portrait.png,legacy,1376,768,,,584284,d902e430dfd8ea982fb4227d293d1fa24cb034c4d7ae8463d0fd6c2dc49cda2d,unverified / source variant,
legacy-angular/public/enemies/ridge-badger-portrait.webp,legacy,1376,768,,,435196,ee0bdb4091e5d4339fc34a7a9ba4d617c743c74bb577a1733622627453308e7c,unverified / source variant,
legacy-angular/public/enemies/rift-macaque-portrait.png,legacy,1376,768,,,758042,fb3cc41284f2f04860b48356c30fd700c5221ccd3b011346fb314d8b6b8bb399,unverified / source variant,
legacy-angular/public/enemies/rift-macaque-portrait.webp,legacy,1376,768,,,531822,b1e0075701b82032fe5783f338a0194efca83a1ef85b0e3ad02bb7c3adc3fc63,unverified / source variant,
legacy-angular/public/enemies/rust-portrait.png,legacy,240,317,,,55710,a2c6de9f4cb9579357d3459b46ce571a3322f358881b98f1bcc288952936c364,unverified / source variant,
legacy-angular/public/enemies/rust-portrait.webp,legacy,240,317,,,46308,2f0a5dc7753fd6ddf1363ab14fd4d01955b93fa26a6b0fc76340928bcd0f95a1,unverified / source variant,
legacy-angular/public/enemies/scrap-portrait.png,legacy,240,317,,,54844,d7cc0797dd96d86d2f11ead4fd97c7462dd279ed639f104b0d2fb12cbf15899f,unverified / source variant,
legacy-angular/public/enemies/scrap-portrait.webp,legacy,240,317,,,45512,73ccf28db4cab45e56b11dcd281bad55edd88aabf9958d6155852305056a39ca,unverified / source variant,
legacy-angular/public/enemies/skitter-portrait.png,legacy,1376,768,,,538546,cf9262030fc57f8118ef90c09edd5460d3ffc28dfde7505a10b95b74781d61f8,unverified / source variant,
legacy-angular/public/enemies/skitter-portrait.webp,legacy,1376,768,,,405788,b6f7181633865b05f77252041113e62e920730de23be382c241da4cb1e9838df,unverified / source variant,
legacy-angular/public/enemies/spewer-portrait.png,legacy,1376,768,,,730616,85cfe4d765dd64bcbc30b4d76cd634098990d5d0365989393b542fc3727a5632,unverified / source variant,
legacy-angular/public/enemies/spewer-portrait.webp,legacy,1376,768,,,605290,9d57a44dfa505a6397d9c694404453f36eb32dc6c9acb175d0ce7a234c1b071e,unverified / source variant,
legacy-angular/public/enemies/stalker-portrait.png,legacy,1376,768,,,707472,b47c07d3d24ea2dc17bc46dfbc6c4df7f676f1f083e1b1371b16d51c63f829ad,unverified / source variant,
legacy-angular/public/enemies/stalker-portrait.webp,legacy,1376,768,,,531756,969beb4f9cd73a304e9ed57d70afd1f1e794f7d94cb5011992ef71bd891da890,unverified / source variant,
legacy-angular/public/enemies/thunder-bison-portrait.png,legacy,1376,768,,,559761,079501eb35a130a9b19ae9e97b62ed7fb52c419343e61a5ce67e0e5965a6acf7,unverified / source variant,
legacy-angular/public/enemies/thunder-bison-portrait.webp,legacy,1376,768,,,419086,652af7e369011ca635c47979682edd48f2ce4269f78677fe49116677b7c6ae0c,unverified / source variant,
legacy-angular/public/enemies/veil-aegis-portrait.png,legacy,1376,768,,,554485,b6a6179b994b1f00eef0bc15e992c8da7e499b821cce5b5fe5996ce2346e6705,unverified / source variant,
legacy-angular/public/enemies/veil-aegis-portrait.webp,legacy,1376,768,,,400854,9200786d6ef61fba56253170e20a27ed2876b36a21aa4a887c6782d28b928a90,unverified / source variant,
legacy-angular/public/enemies/veil-boss-portrait.png,legacy,1376,768,,,541138,4b066c59eb23bb819cfbbb1a3115a6a5d3147754826ecc93d5edb817f7961a94,unverified / source variant,
legacy-angular/public/enemies/veil-boss-portrait.webp,legacy,1376,768,,,406154,80b57a3878cfd18aff8872fe6f50fd7361c02cac2690eea63a76750c8b73a1ec,unverified / source variant,
legacy-angular/public/enemies/veil-null-portrait.png,legacy,1376,768,,,718730,853fafda41812fd0cbe1e35d740443dc3b6399e2f5b6df33d5d690ca610fb355,unverified / source variant,
legacy-angular/public/enemies/veil-null-portrait.webp,legacy,1376,768,,,512450,e2e16a9e3030a4d11b285aa2b3d403f28a69ee678513fe3a82ad8da4b693d52b,unverified / source variant,
legacy-angular/public/enemies/veil-prism-portrait.png,legacy,1376,768,,,602981,6672d81829c5bdbc58844762d199595fc1fbaa63a493eeddd6ea2d3cc4896d78,unverified / source variant,
legacy-angular/public/enemies/veil-prism-portrait.webp,legacy,1376,768,,,449462,1e4f59aa5705802d044e5adc31e3211ed2c97502d5dff3cb37748f7f8891a650,unverified / source variant,
legacy-angular/public/enemies/veil-resonance-portrait.png,legacy,1376,768,,,544929,a94f32dcbab25660ab2bf20139f274c8ffbc315e737ed3d33ba6b76ee2452357,unverified / source variant,
legacy-angular/public/enemies/veil-resonance-portrait.webp,legacy,1376,768,,,398710,111318159c8a0ffae94f962e754afde4437df8f65bdda6d299163062d797944e,unverified / source variant,
legacy-angular/public/enemies/veil-shard-portrait.png,legacy,1376,768,,,615000,350e2c1de9a36cdcaf999c7f3e0516b70849e7fc7fee3c2c4030936c99520abb,unverified / source variant,
legacy-angular/public/enemies/veil-shard-portrait.webp,legacy,1376,768,,,447080,3924d5b1877bc56b3f412b0f54c8008d1e7ca6d5a0063469f7c33ec448b3cab8,unverified / source variant,
legacy-angular/public/enemies/veil-storm-portrait.png,legacy,1376,768,,,582827,9dfd532bb8e90dac69c43216e342f700a943acb5da4062f8aa5b02f6f67c010b,unverified / source variant,
legacy-angular/public/enemies/veil-storm-portrait.webp,legacy,1376,768,,,437174,b965484f3d873bc679f67752ab199195e0ebba97b7bdcd67f42b82656795470f,unverified / source variant,
legacy-angular/public/enemies/veil-synapse-portrait.png,legacy,1376,768,,,556130,0f2477506a2a55864934a7bf1cfd836dbdbece6ba19d3692b1211b9c0af074e1,unverified / source variant,
legacy-angular/public/enemies/veil-synapse-portrait.webp,legacy,1376,768,,,372554,d00ddb779d077f27115098b85df4ed6af66ea16bbb39d459e7a9a9df99ff24ba,unverified / source variant,
legacy-angular/public/enemies/void-acolyte-portrait.png,legacy,1376,768,,,716056,650f05a68d96b65a638a8539a5194f6491a4da9b5eeba42148218f73a5608ea3,unverified / source variant,
legacy-angular/public/enemies/void-acolyte-portrait.webp,legacy,1376,768,,,500544,551283e1ff04178e8196d260c1a97aa492830d998eae74d26bec623f4ff7e325,unverified / source variant,
legacy-angular/public/enemies/void-binder-portrait.png,legacy,1376,768,,,558199,ae0c95b406acc9ab5f236b156cc569e107dda9da708b0b2732e036b5e1856d4e,unverified / source variant,
legacy-angular/public/enemies/void-binder-portrait.webp,legacy,1376,768,,,404558,84c272d9222204c116b496088e10236b330b3ee169f37584480371d3e42a0a20,unverified / source variant,
legacy-angular/public/enemies/void-channeler-portrait.png,legacy,1376,768,,,625546,15660f028bbb5edd7c0a5e642ae363755c6c38195f1d5ccc0ae644d9570fc151,unverified / source variant,
legacy-angular/public/enemies/void-channeler-portrait.webp,legacy,1376,768,,,461868,fc2743b381440a72df14d1253b560c4fce7230d10aca4083d298fefb165e9df7,unverified / source variant,
legacy-angular/public/enemies/void-circlet-boss-portrait.png,legacy,1376,768,,,585661,03e7fc18c8fcb460749af31e9cea80eae2296d0b4b688bc55740bb460c8843e4,unverified / source variant,
legacy-angular/public/enemies/void-circlet-boss-portrait.webp,legacy,1376,768,,,427254,1c3c1281d610c22039d49f5a981e43f0e21fb82eca8d490da389eeef007ddb06,unverified / source variant,
legacy-angular/public/enemies/void-glimmer-portrait.png,legacy,1376,768,,,571861,4ecc1856507072508d7a477510ff1a2461cd9d6f915a09f769618a3be3ee8449,unverified / source variant,
legacy-angular/public/enemies/void-glimmer-portrait.webp,legacy,1376,768,,,412160,525d1062a00efd86c38f6ab21e41a937501164a5eb583d3a15ba239e47495f8e,unverified / source variant,
legacy-angular/public/enemies/void-reaver-portrait.png,legacy,1376,768,,,596286,20ddf0ab99edcf68b47a1279189a25315ef4ae4dfb55ffc6802ad4ffe50c68f9,unverified / source variant,
legacy-angular/public/enemies/void-reaver-portrait.webp,legacy,1376,768,,,468820,ba84bc0048549ba5f6ad201f0124ccfdd031a19266c14c262c6141742ffbb129,unverified / source variant,
legacy-angular/public/enemies/void-scribe-portrait.png,legacy,1376,768,,,585763,16aa61ce0adc76200682a67a0065b2f74dab2026611306c27854884880722997,unverified / source variant,
legacy-angular/public/enemies/void-scribe-portrait.webp,legacy,1376,768,,,425726,3f7048af88db2ad4865e7af6424c91f55497b00d4ca3b69628a080f7fee23985,unverified / source variant,
legacy-angular/public/enemies/void-wisp-portrait.png,legacy,1376,768,,,650941,3fda635adf0f8625648caa147da099c445966b83baab793e96cf140c62a19529,unverified / source variant,
legacy-angular/public/enemies/void-wisp-portrait.webp,legacy,1376,768,,,496454,5c5e30f5398cbbc43c4f8269b77dbd154ebb85b4dc0e23c7a8ea314fa9bf27be,unverified / source variant,
legacy-angular/public/enemies/void-wolf-portrait.png,legacy,1376,768,,,611030,ca850e7117c200b70750a17f755ccfc65ea9dcdb649a90a331e155c6d7e5dc64,unverified / source variant,
legacy-angular/public/enemies/void-wolf-portrait.webp,legacy,1376,768,,,487464,8ff43e10c3dd99211c975d38e57ed08ccfb86d6c080b6407709ab5b7ffe6b83f,unverified / source variant,
legacy-angular/public/enemies/volt-portrait.png,legacy,240,317,,,53083,b215c19dba6e04b450c1f087d63d53a687e9ed4ff234db7883838c3a34ca2a49,unverified / source variant,
legacy-angular/public/enemies/volt-portrait.webp,legacy,240,317,,,44380,ea4eae683ef5a6d7ea6c52213be63ea77dfda2a2e0d0d84e9aa0c3acb06e75f3,unverified / source variant,
legacy-angular/public/enemies/warden-portrait.png,legacy,240,317,,,57253,f3be93643c5faf8ff1922b39250c1c21d37f5f247516cf9fc5a2018d43d89763,unverified / source variant,
legacy-angular/public/enemies/warden-portrait.webp,legacy,240,317,,,50192,03e4158b84b0daa83d3a45292f213d9ba3f96add40ac5fb9e6bc0f7833e22707,unverified / source variant,
legacy-angular/public/favicon.png,legacy,32,32,,,878,af1026edb929218b3c996e84cb233429ab228b7eac4346d31917a2b825e9de65,unverified / source variant,
legacy-angular/public/favicon.svg,legacy,0,0,,,563,8616bffbb4d55e3654151268f934a023dc6eb4d372cab6df4c1b2c9ff1f1f50c,unverified / source variant,
legacy-angular/public/favicon.webp,legacy,32,32,5.5,"(0, 0, 32, 32)",574,7ac8d17897553f511d6b4a2d93ab2cf60c66e641e9da5db9e7e3e38c6ee1acc4,unverified / source variant,
legacy-angular/public/heroes/avalanche-portrait.png,legacy,240,317,,,20020,a22098a88c60c25190910170f18f05cc5c9c317f322f5e9811417385ed72f06d,unverified / source variant,
legacy-angular/public/heroes/avalanche-portrait.webp,legacy,240,317,47.3,"(0, 0, 240, 317)",18024,f3bf0c8e94f1d64848febe7c696c39f9c6fadeb260b0888eba9360a322874826,unverified / source variant,
legacy-angular/public/heroes/breaker-portrait.png,legacy,240,317,,,17873,ed2430339f49e2ecad9363599e78a71b05ac8997c152c5826354f19f936b6533,unverified / source variant,
legacy-angular/public/heroes/breaker-portrait.webp,legacy,240,317,56.0,"(0, 0, 240, 317)",16292,f0d1bf5f056a19793a74c2638a115d608ec8b71e789b768efe32a49670d1e610,unverified / source variant,
legacy-angular/public/heroes/combat-portrait.png,legacy,240,317,,,47767,b80b203cca4288d0174ec7891c7664ed9638de2cc457a9b4030d75e502837ec1,unverified / source variant,
legacy-angular/public/heroes/combat-portrait.webp,legacy,240,317,0.5,"(0, 0, 240, 317)",40692,9fbca243b026fd38870d4592bbba5e2541bb725958b5636e3935802ab2a35561,unverified / source variant,
legacy-angular/public/heroes/engineer-portrait.png,legacy,240,317,,,45895,e90bba5107833b80fe88ab7e0642150e50d508e23d146fc6b9363768c8b884a1,unverified / source variant,
legacy-angular/public/heroes/engineer-portrait.webp,legacy,240,317,2.1,"(0, 0, 240, 317)",37800,60333147a444ffad5aea1019f457601800ab3876dff31b3fbd32d90df3957d0c,unverified / source variant,
legacy-angular/public/heroes/ghost-portrait.png,legacy,240,317,,,34460,aa3f05fc80eb401dbfb6ee04d6a44d1c01d551df539c037beb193090a3d244bc,unverified / source variant,
legacy-angular/public/heroes/ghost-portrait.webp,legacy,240,317,21.6,"(0, 0, 240, 317)",29346,b2873c76134dbc4b053d9f905a06d40ca52782785381e515a4fce51066ae3062,unverified / source variant,
legacy-angular/public/heroes/hero-lineup-sheet.png,legacy,1024,571,,,344606,53b6c39c17ab11492e9f1389d1e124e0120f7cbe031511763d597d124d9b6d45,unverified / source variant,
legacy-angular/public/heroes/hero-lineup-sheet.webp,legacy,1024,571,,,272534,090aa355d7a19b63a03cd41375bd27ad5b82502284006be771af991002d31ad5,unverified / source variant,
legacy-angular/public/heroes/heroes-lineup.png,legacy,1024,682,,,204398,1c421445a59988c9b562bafac0d0c4d02ee3be935002651f6f7452c59cb7dcb0,unverified / source variant,
legacy-angular/public/heroes/heroes-lineup.webp,legacy,1024,682,,,171280,8b1eec4b71c227f32b9f0cbc5dbcb4b4e96309e5781c1b3041767779d6998954,unverified / source variant,
legacy-angular/public/heroes/medic-portrait.png,legacy,240,317,,,37426,83247a510a29373965059ca3af889528cad02e6e8059a91d2423e1b42d40ca7c,unverified / source variant,
legacy-angular/public/heroes/medic-portrait.webp,legacy,240,317,4.0,"(0, 0, 240, 317)",29504,d30075660ac1b33b1cdb5bb551dd1e226bd42f5488c494568d745319585690ab,unverified / source variant,
legacy-angular/public/heroes/portrait-options-combat-unit/combat-unit-portrait-option-a.png,legacy,93,111,,,8714,5c825de76cae4649b6a7c13b39ef95e19474d1a04c33366d790ae3f029ec9fc8,unverified / source variant,
legacy-angular/public/heroes/portrait-options-combat-unit/combat-unit-portrait-option-a.webp,legacy,93,111,,,6798,cd978e45aba9cc22cb3088d50e650060a0ae5d5a72a0a2e3d97db8eb6e9b2739,unverified / source variant,
legacy-angular/public/heroes/portrait-options-combat-unit/combat-unit-portrait-option-b.png,legacy,93,111,,,9269,f031d4a14462a431b2471ff805c622eeed25ed2f4fa9778d87507226f25da871,unverified / source variant,
legacy-angular/public/heroes/portrait-options-combat-unit/combat-unit-portrait-option-b.webp,legacy,93,111,,,8002,954eedf2eceabeab91a579896e6feda84346bedc20881cf4d38aa67bbfdfd32c,unverified / source variant,
legacy-angular/public/heroes/portrait-options-combat-unit/combat-unit-portrait-option-c.png,legacy,93,111,,,10223,d7d207edf184f59f480aed6b44b2d2b30ccede20cb18e9062850f935f68ecc83,unverified / source variant,
legacy-angular/public/heroes/portrait-options-combat-unit/combat-unit-portrait-option-c.webp,legacy,93,111,,,9100,444b196bdd75100432923e43aa828c7daf1adfe7106a5d7e2e6d52075c2df627,unverified / source variant,
legacy-angular/public/heroes/pulse-portrait.png,legacy,240,317,,,34116,3d7817512f234a47c4fa8744c5526ad475688bd2d3abf2c426cda0ec433e86bd,unverified / source variant,
legacy-angular/public/heroes/pulse-portrait.webp,legacy,240,317,4.0,"(0, 0, 240, 317)",27650,d3639a49716fe648a333f219c476ccd632d8cceb9c58073442ba82c0e0a17919,unverified / source variant,
legacy-angular/public/heroes/shield-portrait.png,legacy,240,317,,,40918,570cfcd75778834c5ee4d24daf658334c7952c6770d7f6da117e2145621ff234,unverified / source variant,
legacy-angular/public/heroes/shield-portrait.webp,legacy,240,317,0.9,"(0, 0, 240, 317)",33172,90380b66d901df8b83565d5f92d815c9f43e5556be3cce3ab80f78fb7fbcb863,unverified / source variant,
legacy-angular/public/ui/overload-protocol-logo.png,logo,711,425,,,7125,af754343c3f0fad22b00155a40c601862caeaaa53cf073aec3301a9886711670,unverified / source variant,
legacy-angular/public/ui/overload-protocol-logo.webp,logo,711,425,,,5344,32fb10893f9c878842cd45bd88ba3e2a737539d11fe44178df8a4954945e8040,unverified / source variant,
icon.svg,app-icon,0,0,,,995,6c80384360a5b269d1054bfb27241258154e2cc8167c522016fdc1820e84e0f8,literal reference,project.godot
